"","GOCCID","Pvalue","OddsRatio","ExpCount","Count","Size","Term"
"1","GO:0043227",3.94124213871596e-45,3.4456404773165,652.778268830103,833,10895,"membrane-bounded organelle"
"2","GO:0044444",2.13554848490826e-43,2.58923554461335,441.576488414673,646,7370,"cytoplasmic part"
"3","GO:0005737",8.75582384672434e-43,2.90754611372599,584.654460508871,774,9758,"cytoplasm"
"4","GO:0043226",1.9638965607435e-41,3.67287506507902,700.231264600038,861,11687,"organelle"
"5","GO:0044424",1.52197966023999e-40,4.29454017662373,742.112128290927,888,12386,"intracellular part"
"6","GO:0005829",1.3334767428594e-38,2.61658597725834,181.184165667024,346,3024,"cytosol"
"7","GO:0043231",2.42080312572326e-38,2.72102753568271,588.069638234737,767,9815,"intracellular membrane-bounded organelle"
"8","GO:0005622",2.44069408400933e-38,4.4487070317752,759.966917103352,896,12684,"intracellular"
"9","GO:0043229",7.71048414219134e-34,2.72679208669769,642.8922280447,802,10730,"intracellular organelle"
"10","GO:0044446",2.67427809568603e-31,2.20667686687144,439.419534061494,612,7334,"intracellular organelle part"
"11","GO:0044428",5.99101993275102e-31,2.29165578050091,217.432981880169,371,3629,"nuclear part"
"12","GO:0044422",4.50192851782815e-30,2.17572180203446,451.222867605278,620,7531,"organelle part"
"13","GO:0031974",1.09114096268344e-29,2.21741176235776,239.961171791148,394,4005,"membrane-enclosed lumen"
"14","GO:0043233",3.25788564675378e-29,2.20749859708193,236.845571058779,389,3953,"organelle lumen"
"15","GO:0070013",2.11596033986996e-28,2.18737557679134,233.72997032641,383,3901,"intracellular organelle lumen"
"16","GO:0005634",2.54390544134718e-27,2.06747210468162,372.314287518151,532,6214,"nucleus"
"17","GO:0031981",1.39612264284612e-26,2.19534660907056,196.94191552497,334,3287,"nuclear lumen"
"18","GO:0005654",2.86576619115743e-26,2.26786958685913,164.347938632489,293,2743,"nucleoplasm"
"19","GO:0032991",1.54410172268636e-19,1.87318235032192,270.45810972915,396,4514,"macromolecular complex"
"20","GO:0044464",2.95986118262973e-19,4.10826039341576,851.577561714755,922,14213,"cell part"
"21","GO:0005623",1.63624088192505e-18,4.01064554235286,853.614685270535,922,14247,"cell"
"22","GO:0043234",1.19985369104292e-17,1.84555175195447,233.909716522508,348,3904,"protein complex"
"23","GO:0031982",1.56107592955111e-13,1.73527785704095,203.292947787108,297,3393,"vesicle"
"24","GO:0043228",5.43201045266888e-13,1.71217259086284,205.270155944188,297,3426,"non-membrane-bounded organelle"
"25","GO:0043232",5.43201045266888e-13,1.71217259086284,205.270155944188,297,3426,"intracellular non-membrane-bounded organelle"
"26","GO:0065010",6.53492722832145e-13,1.79159362252392,153.982574657491,237,2570,"extracellular membrane-bounded organelle"
"27","GO:0070062",6.53492722832145e-13,1.79159362252392,153.982574657491,237,2570,"extracellular exosome"
"28","GO:0031988",7.50091157361506e-13,1.71827177993018,196.163015341878,286,3274,"membrane-bounded vesicle"
"29","GO:0005694",1.12420123065328e-12,2.41019055810629,46.5542647894438,98,777,"chromosome"
"30","GO:0043230",1.12692062571488e-12,1.77982125923159,154.761474840583,237,2583,"extracellular organelle"
"31","GO:1903561",1.12692062571488e-12,1.77982125923159,154.761474840583,237,2583,"extracellular vesicle"
"32","GO:0044427",3.89195649341442e-12,2.46047479007855,41.3416251025949,89,690,"chromosomal part"
"33","GO:0000228",2.341340415122e-11,2.81452265188349,26.1830292316434,64,437,"nuclear chromosome"
"34","GO:0061695",3.54960698142687e-11,3.65253747558453,14.0202032956626,43,234,"transferase complex, transferring phosphorus-containing groups"
"35","GO:0005739",9.45020183931112e-11,1.87540853432952,92.7490371866911,154,1548,"mitochondrion"
"36","GO:1990234",2.53962758795944e-09,2.24570666806075,38.8850937559189,78,649,"transferase complex"
"37","GO:1902494",4.80949439539258e-09,1.97613886686052,58.5373445293263,104,977,"catalytic complex"
"38","GO:0012505",4.82136711957178e-09,1.55311732842352,203.712355578004,277,3400,"endomembrane system"
"39","GO:0005925",1.34673517863252e-08,2.6061907317946,22.5281899109792,52,376,"focal adhesion"
"40","GO:0044454",1.64638732340427e-08,2.53617076242452,23.9661594797651,54,400,"nuclear chromosome part"
"41","GO:0005924",2.10841806743977e-08,2.56570195145588,22.8277669044763,52,381,"cell-substrate adherens junction"
"42","GO:0030055",2.9953751302353e-08,2.53418636027332,23.0674284992739,52,385,"cell-substrate junction"
"43","GO:1902911",4.51635660175831e-08,4.9325240872211,5.33247048424774,21,89,"protein kinase complex"
"44","GO:0015630",8.3031731506026e-08,1.86312440576318,60.2748910916093,102,1006,"microtubule cytoskeleton"
"45","GO:0005912",8.67776656217271e-08,2.33280150455773,27.2015910095334,57,454,"adherens junction"
"46","GO:0070161",1.41015709637718e-07,2.27613765133894,28.2800681861229,58,472,"anchoring junction"
"47","GO:0044421",1.96513628826212e-07,1.47584152022508,208.865079866153,274,3486,"extracellular region part"
"48","GO:0000785",2.04243006369385e-07,2.38727036317057,23.7864132836669,51,397,"chromatin"
"49","GO:0031975",2.91071318291518e-07,1.81800690072985,60.2748910916093,100,1006,"envelope"
"50","GO:0030496",3.31746111642378e-07,3.79915440192668,7.48942483742661,24,125,"midbody"
"51","GO:0005856",3.51037983710294e-07,1.60939831006364,107.967548456342,158,1802,"cytoskeleton"
"52","GO:0098687",4.41468778812676e-07,2.70650748472456,15.817665256645,38,264,"chromosomal region"
"53","GO:0031967",4.88323331010621e-07,1.79982450438739,60.1550602942105,99,1004,"organelle envelope"
"54","GO:0000307",1.25103706561115e-06,9.90015974440895,1.55780036618473,10,26,"cyclin-dependent protein kinase holoenzyme complex"
"55","GO:0005635",1.4499319704275e-06,2.29899885775717,22.5881053096786,47,377,"nuclear envelope"
"56","GO:0005657",2.15761437096458e-06,5.18247835397077,3.65483932066418,15,61,"replication fork"
"57","GO:0031252",4.19432163243661e-06,2.31500808022836,20.0117431656039,42,334,"cell leading edge"
"58","GO:1902554",5.06308881980512e-06,4.76659528907923,3.89450091546183,15,65,"serine/threonine protein kinase complex"
"59","GO:0000793",7.36230986131631e-06,2.79885993485342,11.2640949554896,28,188,"condensed chromosome"
"60","GO:0031090",9.19943580553716e-06,1.42498634252936,169.920070711535,221,2836,"organelle membrane"
"61","GO:0044430",1.12994411418624e-05,1.59621289454923,77.8301029105373,115,1299,"cytoskeletal part"
"62","GO:0051233",1.18410185940569e-05,8.37653316645807,1.55780036618473,9,26,"spindle midzone"
"63","GO:0005667",1.68412208691181e-05,2.32798643253365,17.0159732306332,36,284,"transcription factor complex"
"64","GO:0000794",1.7431971608414e-05,3.97266881028939,4.79323189595303,16,80,"condensed nuclear chromosome"
"65","GO:0000775",2.27106514715683e-05,2.7902022220204,10.0657869815014,25,168,"chromosome, centromeric region"
"66","GO:0005730",2.75386957472516e-05,1.72590296301637,47.3930803712356,76,791,"nucleolus"
"67","GO:0045121",2.87675895669224e-05,2.35875116968185,15.3982574657491,33,257,"membrane raft"
"68","GO:0044429",3.03610963052537e-05,1.69038499080116,51.527242881495,81,860,"mitochondrial part"
"69","GO:0009898",3.27403002532476e-05,2.86452146328294,9.04722520361134,23,151,"cytoplasmic side of plasma membrane"
"70","GO:0005783",3.36084868682064e-05,1.52396754631097,88.2553822842351,125,1473,"endoplasmic reticulum"
"71","GO:0005876",3.60370747278688e-05,4.87677530580412,3.05568533367006,12,51,"spindle microtubule"
"72","GO:0031234",3.80203224441353e-05,3.50901566244914,5.63204747774481,17,94,"extrinsic component of cytoplasmic side of plasma membrane"
"73","GO:0098562",3.92359470758565e-05,2.7534435154579,9.76620998800429,24,163,"cytoplasmic side of membrane"
"74","GO:0000792",4.12262816167687e-05,4.1137651020004,4.07424711156007,14,68,"heterochromatin"
"75","GO:0005819",4.12732407002444e-05,2.27786085008117,16.3569038449397,34,273,"spindle"
"76","GO:0005815",7.71527328975542e-05,1.78913998479344,35.410000631353,59,591,"microtubule organizing center"
"77","GO:0005813",7.95408651559187e-05,1.89899598393574,27.8007449965276,49,464,"centrosome"
"78","GO:0019898",8.28829829645738e-05,2.28338001867414,14.8590188774544,31,248,"extrinsic component of membrane"
"79","GO:0000803",9.55311329790588e-05,7.0242059275003,1.55780036618473,8,26,"sex chromosome"
"80","GO:0000790",0.00013894417339029,2.21096910986617,15.2784266683503,31,255,"nuclear chromatin"
"81","GO:0045120",0.000142650897161802,10.520325203252,0.898730980491193,6,15,"pronucleus"
"82","GO:0005794",0.000166257476642242,1.49083650078081,79.4478186754214,111,1326,"Golgi apparatus"
"83","GO:0019907",0.000174266422424342,31.5089947089947,0.359492392196477,4,6,"cyclin-dependent protein kinase activating kinase holoenzyme complex"
"84","GO:0034271",0.000214448747771756,Inf,0.179746196098239,3,3,"phosphatidylinositol 3-kinase complex, class III, type I"
"85","GO:0034272",0.000214448747771756,Inf,0.179746196098239,3,3,"phosphatidylinositol 3-kinase complex, class III, type II"
"86","GO:0019867",0.000227103287499964,2.47406748000701,10.2455331775996,23,171,"outer membrane"
"87","GO:0030054",0.000229471912713745,1.52872554769382,64.7685459940653,93,1081,"cell junction"
"88","GO:0000502",0.000231090695803576,3.61427875243665,4.1940779089589,13,70,"proteasome complex"
"89","GO:0030027",0.000245563056818171,2.51854438779074,9.64637919060547,22,161,"lamellipodium"
"90","GO:0048471",0.000274614542739597,1.71126848939161,35.5298314287518,57,593,"perinuclear region of cytoplasm"
"91","GO:0000779",0.000317527518789894,2.98694912048421,6.0514552686407,16,101,"condensed chromosome, centromeric region"
"92","GO:0031968",0.000379840836520047,2.4302708857725,9.94595618410253,22,166,"organelle outer membrane"
"93","GO:0033256",0.000387288110211018,21.0045855379189,0.41940779089589,4,7,"I-kappaB/NF-kappaB complex"
"94","GO:0090575",0.000396641333158193,3.04974468786032,5.57213207904539,15,93,"RNA polymerase II transcription factor complex"
"95","GO:0005576",0.0004474642474276,1.28241749788456,243.496180314414,288,4064,"extracellular region"
"96","GO:0019897",0.00061696829603996,2.59779318425935,7.66917103352484,18,128,"extrinsic component of plasma membrane"
"97","GO:0005942",0.000628673436202489,7.28134431845991,1.13839257528884,6,19,"phosphatidylinositol 3-kinase complex"
"98","GO:0031966",0.000652636951615976,1.64434108090266,36.7880548014395,57,614,"mitochondrial membrane"
"99","GO:0000940",0.00065591616168565,9.85301906779661,0.778900183092367,5,13,"condensed chromosome outer kinetochore"
"100","GO:0016605",0.000792341702434096,2.9577183600713,5.33247048424774,14,89,"PML body"
"101","GO:0032806",0.000852933481542142,6.76079381911832,1.19830797398826,6,20,"carboxy-terminal domain protein kinase complex"
"102","GO:0005740",0.000918120027449804,1.60391072073614,38.9450091546183,59,650,"mitochondrial envelope"
"103","GO:0005768",0.00104510000310569,1.55814412203033,44.0977334427679,65,736,"endosome"
"104","GO:0005884",0.00109444968821332,3.16542155816435,4.31390870635772,12,72,"actin filament"
"105","GO:0019908",0.00126520374849818,12.6010582010582,0.539238588294716,4,9,"nuclear cyclin-dependent protein kinase holoenzyme complex"
"106","GO:0031264",0.00126520374849818,12.6010582010582,0.539238588294716,4,9,"death-inducing signaling complex"
"107","GO:0043596",0.00131261722845186,4.35662721242992,2.21686975187828,8,37,"nuclear replication fork"
"108","GO:0005874",0.00163475263707135,1.76808225653955,22.2286129174822,37,371,"microtubule"
"109","GO:0030880",0.00178764673092714,2.4862661034403,7.07001704653072,16,118,"RNA polymerase complex"
"110","GO:0000780",0.00191461546488682,7.1643875192604,0.958646379190605,5,16,"condensed nuclear chromosome, centromeric region"
"111","GO:0001741",0.00191461546488682,7.1643875192604,0.958646379190605,5,16,"XY body"
"112","GO:0035098",0.00191461546488682,7.1643875192604,0.958646379190605,5,16,"ESC/E(Z) complex"
"113","GO:0044798",0.00195338495653077,2.46196110261293,7.12993244523013,16,119,"nuclear transcription factor complex"
"114","GO:0005672",0.00195691567333684,23.6067653276956,0.299576993497064,3,5,"transcription factor TFIIA complex"
"115","GO:0005964",0.00195691567333684,23.6067653276956,0.299576993497064,3,5,"phosphorylase kinase complex"
"116","GO:0032133",0.00195691567333684,23.6067653276956,0.299576993497064,3,5,"chromosome passenger complex"
"117","GO:0032993",0.00211464610885625,2.36420450267299,7.84891722962308,17,131,"protein-DNA complex"
"118","GO:0005741",0.00224114237234119,2.28373791621912,8.56790201401604,18,143,"mitochondrial outer membrane"
"119","GO:0000781",0.00226712157353185,2.60798993394149,5.93162447124187,14,99,"chromosome, telomeric region"
"120","GO:0044451",0.00228752924600888,1.53965705621335,39.6639939390113,58,662,"nucleoplasm part"
"121","GO:0034399",0.00231737815648733,2.50112701453849,6.59069385693541,15,110,"nuclear periphery"
"122","GO:0098588",0.00237367983501347,1.30391065308789,127.979291621946,158,2136,"bounding membrane of organelle"
"123","GO:0046930",0.00257987046694666,6.56691384180791,1.01856177789002,5,17,"pore complex"
"124","GO:0000784",0.00282325069737533,2.94786961078385,4.1940779089589,11,70,"nuclear chromosome, telomeric region"
"125","GO:0005759",0.00285601036153059,1.73247074493388,21.3897973356904,35,357,"mitochondrial matrix"
"126","GO:0031410",0.00294156098640329,1.40133766351744,66.6858387524465,89,1113,"cytoplasmic vesicle"
"127","GO:0031301",0.00298546285820002,1.90471863438697,14.5594418839573,26,243,"integral component of organelle membrane"
"128","GO:0000777",0.0032265616302079,2.6039029535865,5.51221668034598,13,92,"condensed chromosome kinetochore"
"129","GO:0030426",0.00324004569626304,2.32549632732529,7.48942483742661,16,125,"growth cone"
"130","GO:0005773",0.00329098114372932,1.56184823414905,33.67245406907,50,562,"vacuole"
"131","GO:0016591",0.00355045289167044,2.57118055555556,5.57213207904539,13,93,"DNA-directed RNA polymerase II, holoenzyme"
"132","GO:0008280",0.00358629864673844,Inf,0.119830797398826,2,2,"cohesin core heterodimer"
"133","GO:0048237",0.00358629864673844,Inf,0.119830797398826,2,2,"rough endoplasmic reticulum lumen"
"134","GO:0070435",0.00358629864673844,Inf,0.119830797398826,2,2,"Shc-EGFR complex"
"135","GO:0070557",0.00358629864673844,Inf,0.119830797398826,2,2,"PCNA-p21 complex"
"136","GO:0043601",0.00372247297239174,4.73064687168611,1.55780036618473,6,26,"nuclear replisome"
"137","GO:0005663",0.00373956492424933,15.7367864693446,0.359492392196477,3,6,"DNA replication factor C complex"
"138","GO:0031265",0.00373956492424933,15.7367864693446,0.359492392196477,3,6,"CD95 death-inducing signaling complex"
"139","GO:0035032",0.00373956492424933,15.7367864693446,0.359492392196477,3,6,"phosphatidylinositol 3-kinase complex, class III"
"140","GO:0000428",0.0038908094173545,2.35159115483283,6.95018624913189,15,116,"DNA-directed RNA polymerase complex"
"141","GO:0055029",0.0038908094173545,2.35159115483283,6.95018624913189,15,116,"nuclear DNA-directed RNA polymerase complex"
"142","GO:0031965",0.00400793076830545,1.83413982980144,15.6379190605468,27,261,"nuclear membrane"
"143","GO:0016023",0.00459727707860472,1.39596885326063,60.7542142812046,81,1014,"cytoplasmic membrane-bounded vesicle"
"144","GO:0030427",0.00478559741871024,2.22274872604878,7.78900183092367,16,130,"site of polarized growth"
"145","GO:0032592",0.00479901249930916,3.41281557859666,2.69619294147358,8,45,"integral component of mitochondrial membrane"
"146","GO:0000776",0.00495579154006413,2.28329352660188,7.12993244523013,15,119,"kinetochore"
"147","GO:0042175",0.0053971078007525,1.41675732952549,52.4259738619862,71,875,"nuclear outer membrane-endoplasmic reticulum membrane network"
"148","GO:0030894",0.00549959027345565,4.30000964041261,1.67763116358356,6,28,"replisome"
"149","GO:0098573",0.00551112595940656,3.32278091615862,2.75610834017299,8,46,"intrinsic component of mitochondrial membrane"
"150","GO:0031300",0.00566232564981677,1.8034319453841,15.2784266683503,26,255,"intrinsic component of organelle membrane"
"151","GO:0008540",0.00591975015953477,6.99870664315109,0.778900183092367,4,13,"proteasome regulatory particle, base subcomplex"
"152","GO:0001939",0.00625377253477808,11.8017970401691,0.41940779089589,3,7,"female pronucleus"
"153","GO:0097342",0.00625377253477808,11.8017970401691,0.41940779089589,3,7,"ripoptosome"
"154","GO:0098796",0.00632819416610765,1.38385420961491,58.8968369215228,78,983,"membrane protein complex"
"155","GO:0044432",0.00633547557284988,1.37550296665075,61.533114464297,81,1027,"endoplasmic reticulum part"
"156","GO:0005789",0.00720145812617923,1.40320431472081,51.3474966853968,69,857,"endoplasmic reticulum membrane"
"157","GO:0005911",0.00742359848536181,1.62937652248338,21.9290359239851,34,366,"cell-cell junction"
"158","GO:0031091",0.00900382158412496,2.78579474342929,3.59492392196477,9,60,"platelet alpha granule"
"159","GO:0016363",0.00942822343793986,2.34143642041187,5.57213207904539,12,93,"nuclear matrix"
"160","GO:0000778",0.00956334127444855,9.44080338266385,0.479323189595303,3,8,"condensed nuclear chromosome kinetochore"
"161","GO:0016514",0.0102688455423415,5.72544492544493,0.898730980491193,4,15,"SWI/SNF complex"
"162","GO:0000322",0.0103299984446718,31.4445617740232,0.179746196098239,2,3,"storage vacuole"
"163","GO:0035985",0.0103299984446718,31.4445617740232,0.179746196098239,2,3,"senescence-associated heterochromatin focus"
"164","GO:0055087",0.0103299984446718,31.4445617740232,0.179746196098239,2,3,"Ski complex"
"165","GO:0097452",0.0103299984446718,31.4445617740232,0.179746196098239,2,3,"GAIT complex"
"166","GO:0022624",0.0104063352333456,4.37617702448211,1.3780541700865,5,23,"proteasome accessory complex"
"167","GO:0009295",0.011614811125054,3.15392781316348,2.51644674537534,7,42,"nucleoid"
"168","GO:0031519",0.011614811125054,3.15392781316348,2.51644674537534,7,42,"PcG protein complex"
"169","GO:0042645",0.011614811125054,3.15392781316348,2.51644674537534,7,42,"mitochondrial nucleoid"
"170","GO:0005802",0.0130280557263516,1.92175045984059,9.40671759580782,17,157,"trans-Golgi network"
"171","GO:0015629",0.0134782673099335,1.52442959730934,25.3442136498516,37,423,"actin cytoskeleton"
"172","GO:0005643",0.0135715840450986,2.58249516441006,3.83458551676242,9,64,"nuclear pore"
"173","GO:0031983",0.0136736874091385,2.4289342180716,4.49365490245596,10,75,"vesicle lumen"
"174","GO:0043235",0.0145221379991129,1.62172186690126,18.0944504072227,28,302,"receptor complex"
"175","GO:0046540",0.016276271496738,4.84395604395604,1.01856177789002,4,17,"U4/U6 x U5 tri-snRNP complex"
"176","GO:0005905",0.0164115135923782,2.49154535274356,3.95441631416125,9,66,"coated pit"
"177","GO:0031093",0.0167386303217912,2.90434685439714,2.69619294147358,7,45,"platelet alpha granule lumen"
"178","GO:0030141",0.0180945652321365,1.60382899900071,17.6151272176274,27,294,"secretory granule"
"179","GO:0000942",0.0198406336705587,15.7212249208025,0.239661594797651,2,4,"condensed nuclear chromosome outer kinetochore"
"180","GO:0033553",0.0198406336705587,15.7212249208025,0.239661594797651,2,4,"rDNA heterochromatin"
"181","GO:0035189",0.0198406336705587,15.7212249208025,0.239661594797651,2,4,"Rb-E2F complex"
"182","GO:0070032",0.0198406336705587,15.7212249208025,0.239661594797651,2,4,"synaptobrevin 2-SNAP-25-syntaxin-1a-complexin I complex"
"183","GO:1990130",0.0198406336705587,15.7212249208025,0.239661594797651,2,4,"Iml1 complex"
"184","GO:0000791",0.0204954302443002,3.57954545454545,1.61771576488415,5,27,"euchromatin"
"185","GO:0016604",0.0241520301072651,1.53300724637681,19.7121661721068,29,329,"nuclear body"
"186","GO:0000782",0.0246230965739122,5.89931289640592,0.659069385693541,3,11,"telomere cap complex"
"187","GO:0000783",0.0246230965739122,5.89931289640592,0.659069385693541,3,11,"nuclear telomere cap complex"
"188","GO:0005675",0.0246230965739122,5.89931289640592,0.659069385693541,3,11,"holo TFIIH complex"
"189","GO:0035631",0.0246230965739122,5.89931289640592,0.659069385693541,3,11,"CD40 receptor complex"
"190","GO:0043209",0.0248772994694655,1.80676772316644,9.3468021971084,16,156,"myelin sheath"
"191","GO:0000139",0.026880349893078,1.3760086390497,36.1289854157459,48,603,"Golgi membrane"
"192","GO:0098805",0.027355880101177,1.21619250764102,110.783572195214,130,1849,"whole membrane"
"193","GO:0000922",0.0275062025862178,1.9188733125649,7.18984784392954,13,120,"spindle pole"
"194","GO:0016529",0.0283976628199792,2.37996511138291,3.65483932066418,8,61,"sarcoplasmic reticulum"
"195","GO:0044433",0.0299025874513944,1.39617018724657,31.1560073236947,42,520,"cytoplasmic vesicle part"
"196","GO:0044853",0.0303431507743208,2.10365637202698,5.09280888945009,10,85,"plasma membrane raft"
"197","GO:0005777",0.0309596298961778,1.88340978593272,7.30967864132837,13,122,"peroxisome"
"198","GO:0042579",0.0309596298961778,1.88340978593272,7.30967864132837,13,122,"microbody"
"199","GO:0017119",0.0313974257887405,5.24348132487667,0.718984784392954,3,12,"Golgi transport complex"
"200","GO:0097038",0.0313974257887405,5.24348132487667,0.718984784392954,3,12,"perinuclear endoplasmic reticulum"
"201","GO:0001940",0.0317631123353733,10.4801126363956,0.299576993497064,2,5,"male pronucleus"
"202","GO:0033093",0.0317631123353733,10.4801126363956,0.299576993497064,2,5,"Weibel-Palade body"
"203","GO:1990111",0.0317631123353733,10.4801126363956,0.299576993497064,2,5,"spermatoproteasome complex"
"204","GO:0005938",0.031826192899149,1.61305239370606,13.6007955047667,21,227,"cell cortex"
"205","GO:0060205",0.0321812968321135,2.18371522094926,4.43373950375655,9,74,"cytoplasmic membrane-bounded vesicle lumen"
"206","GO:0098552",0.0325194233588173,1.44992984068998,23.6066670875687,33,394,"side of membrane"
"207","GO:0005791",0.0336728192741092,2.29311177663994,3.77467011806301,8,63,"rough endoplasmic reticulum"
"208","GO:0005838",0.0338710477069526,3.70320572673514,1.25822337268767,4,21,"proteasome regulatory particle"
"209","GO:0042629",0.0338710477069526,3.70320572673514,1.25822337268767,4,21,"mast cell granule"
"210","GO:0001726",0.0354740578986559,1.75529383773495,8.98730980491193,15,150,"ruffle"
"211","GO:0005901",0.0373617117433143,2.11824388694824,4.55357030115538,9,76,"caveola"
"212","GO:0043073",0.0394961914223021,3.49723691945914,1.31813877138708,4,22,"germ cell nucleus"
"213","GO:0097526",0.0394961914223021,3.49723691945914,1.31813877138708,4,22,"spliceosomal tri-snRNP complex"
"214","GO:0016234",0.0395763512393348,2.21235341275612,3.89450091546183,8,65,"inclusion body"
"215","GO:0097481",0.0395763512393348,2.21235341275612,3.89450091546183,8,65,"neuronal postsynaptic density"
"216","GO:0005720",0.0400332640180814,2.91568581293158,1.91729275838121,5,32,"nuclear heterochromatin"
"217","GO:0010494",0.0400332640180814,2.91568581293158,1.91729275838121,5,32,"cytoplasmic stress granule"
"218","GO:0044438",0.0401538457175187,2.08695244055069,4.61348569985479,9,77,"microbody part"
"219","GO:0044439",0.0401538457175187,2.08695244055069,4.61348569985479,9,77,"peroxisomal part"
"220","GO:0016528",0.0427715012596047,2.17406280919052,3.95441631416125,8,66,"sarcoplasm"
"221","GO:0005875",0.0433366479101833,1.74055328645417,8.44807121661721,14,141,"microtubule associated complex"
"222","GO:0044431",0.045329958578699,1.28588579344313,47.2732495738367,59,789,"Golgi apparatus part"
"223","GO:0000323",0.0457421018832477,1.3698732661411,28.6395605783193,38,478,"lytic vacuole"
"224","GO:0005764",0.0457421018832477,1.3698732661411,28.6395605783193,38,478,"lysosome"
"225","GO:0000796",0.0457748860409352,7.85955649419219,0.359492392196477,2,6,"condensin complex"
"226","GO:0046696",0.0457748860409352,7.85955649419219,0.359492392196477,2,6,"lipopolysaccharide receptor complex"
"227","GO:0070187",0.0457748860409352,7.85955649419219,0.359492392196477,2,6,"telosome"
"228","GO:0032154",0.0459902016024915,2.48680024557683,2.63627754277416,6,44,"cleavage furrow"
"229","GO:0032588",0.0459902016024915,2.48680024557683,2.63627754277416,6,44,"trans-Golgi network membrane"
"230","GO:0097610",0.0459902016024915,2.48680024557683,2.63627754277416,6,44,"cell surface furrow"
"231","GO:0031970",0.0461540633705744,2.02705167173252,4.73331649725361,9,79,"organelle envelope lumen"
"232","GO:0005743",0.0470732986573054,1.37873232058669,26.9619294147358,36,450,"mitochondrial inner membrane"
"233","GO:0005662",0.0475337748575331,4.28954449356141,0.83881558179178,3,14,"DNA replication factor A complex"
"234","GO:0005834",0.0501962646377191,2.71423874926943,2.03712355578004,5,34,"heterotrimeric G-protein complex"
"235","GO:0005640",0.0522423738967902,3.14708994708995,1.43796956878591,4,24,"nuclear outer membrane"
"236","GO:0090544",0.0522423738967902,3.14708994708995,1.43796956878591,4,24,"BAF-type complex"
"237","GO:0034774",0.0528638193769061,2.20552016985138,3.41517772586653,7,57,"secretory granule lumen"
"238","GO:0019866",0.0537181302310205,1.3444099378882,29.897783951007,39,499,"organelle inner membrane"
"239","GO:0098797",0.0546362670891465,1.34776789770565,29.0589683692152,38,485,"plasma membrane protein complex"
"240","GO:0005776",0.057232601581238,2.03325220252991,4.1940779089589,8,70,"autophagosome"
"241","GO:0044455",0.0594069958729623,1.62183567510487,9.64637919060547,15,161,"mitochondrial membrane part"
"242","GO:0000262",0.0599153986994129,Inf,0.0599153986994128,1,1,"mitochondrial chromosome"
"243","GO:0000333",0.0599153986994129,Inf,0.0599153986994128,1,1,"telomerase catalytic core complex"
"244","GO:0000797",0.0599153986994129,Inf,0.0599153986994128,1,1,"condensin core heterodimer"
"245","GO:0005656",0.0599153986994129,Inf,0.0599153986994128,1,1,"nuclear pre-replicative complex"
"246","GO:0005757",0.0599153986994129,Inf,0.0599153986994128,1,1,"mitochondrial permeability transition pore complex"
"247","GO:0005898",0.0599153986994129,Inf,0.0599153986994128,1,1,"interleukin-13 receptor complex"
"248","GO:0009346",0.0599153986994129,Inf,0.0599153986994128,1,1,"citrate lyase complex"
"249","GO:0009841",0.0599153986994129,Inf,0.0599153986994128,1,1,"mitochondrial endopeptidase Clp complex"
"250","GO:0019035",0.0599153986994129,Inf,0.0599153986994128,1,1,"viral integration complex"
"251","GO:0031021",0.0599153986994129,Inf,0.0599153986994128,1,1,"interphase microtubule organizing center"
"252","GO:0033257",0.0599153986994129,Inf,0.0599153986994128,1,1,"Bcl3/NF-kappaB2 complex"
"253","GO:0036387",0.0599153986994129,Inf,0.0599153986994128,1,1,"pre-replicative complex"
"254","GO:0043033",0.0599153986994129,Inf,0.0599153986994128,1,1,"isoamylase complex"
"255","GO:0043626",0.0599153986994129,Inf,0.0599153986994128,1,1,"PCNA complex"
"256","GO:0044796",0.0599153986994129,Inf,0.0599153986994128,1,1,"DNA polymerase processivity factor complex"
"257","GO:0070195",0.0599153986994129,Inf,0.0599153986994128,1,1,"growth hormone receptor complex"
"258","GO:0070826",0.0599153986994129,Inf,0.0599153986994128,1,1,"paraferritin complex"
"259","GO:0070985",0.0599153986994129,Inf,0.0599153986994128,1,1,"TFIIK complex"
"260","GO:0071561",0.0599153986994129,Inf,0.0599153986994128,1,1,"nucleus-vacuole junction"
"261","GO:0097144",0.0599153986994129,Inf,0.0599153986994128,1,1,"BAX complex"
"262","GO:0097255",0.0599153986994129,Inf,0.0599153986994128,1,1,"R2TP complex"
"263","GO:0097451",0.0599153986994129,Inf,0.0599153986994128,1,1,"glial limiting end-foot"
"264","GO:0097489",0.0599153986994129,Inf,0.0599153986994128,1,1,"multivesicular body, internal vesicle lumen"
"265","GO:1990572",0.0599153986994129,Inf,0.0599153986994128,1,1,"TERT-RMRP complex"
"266","GO:0001739",0.0615833314433981,6.28722280887012,0.41940779089589,2,7,"sex chromatin"
"267","GO:0005655",0.0615833314433981,6.28722280887012,0.41940779089589,2,7,"nucleolar ribonuclease P complex"
"268","GO:0005688",0.0615833314433981,6.28722280887012,0.41940779089589,2,7,"U6 snRNP"
"269","GO:0016011",0.0615833314433981,6.28722280887012,0.41940779089589,2,7,"dystroglycan complex"
"270","GO:0016593",0.0615833314433981,6.28722280887012,0.41940779089589,2,7,"Cdc73/Paf1 complex"
"271","GO:0030677",0.0615833314433981,6.28722280887012,0.41940779089589,2,7,"ribonuclease P complex"
"272","GO:0030681",0.0615833314433981,6.28722280887012,0.41940779089589,2,7,"multimeric ribonuclease P complex"
"273","GO:0030893",0.0615833314433981,6.28722280887012,0.41940779089589,2,7,"meiotic cohesin complex"
"274","GO:0070775",0.0615833314433981,6.28722280887012,0.41940779089589,2,7,"H3 histone acetyltransferase complex"
"275","GO:0070776",0.0615833314433981,6.28722280887012,0.41940779089589,2,7,"MOZ/MORF histone acetyltransferase complex"
"276","GO:0042641",0.0616553933089005,2.12040666340029,3.53500852326536,7,59,"actomyosin"
"277","GO:0005770",0.0631662096720237,1.57877813504823,10.5451101710967,16,176,"late endosome"
"278","GO:0030139",0.0649226157629314,1.49054572780632,13.9003724982638,20,232,"endocytic vesicle"
"279","GO:0030132",0.0669568729443706,3.62912668726622,0.958646379190605,3,16,"clathrin coat of coated pit"
"280","GO:0031307",0.0669568729443706,3.62912668726622,0.958646379190605,3,16,"integral component of mitochondrial outer membrane"
"281","GO:0070603",0.0698920726453484,1.93901741191858,4.37382410505714,8,73,"SWI/SNF superfamily-type complex"
"282","GO:0000151",0.0746526577156874,1.4781132475237,13.3012185112697,19,222,"ubiquitin ligase complex"
"283","GO:0001725",0.0769120911935301,2.14682348404512,2.99576993497064,6,50,"stress fiber"
"284","GO:0001673",0.0778170018260061,3.36967683479311,1.01856177789002,3,17,"male germ cell nucleus"
"285","GO:0031306",0.0778170018260061,3.36967683479311,1.01856177789002,3,17,"intrinsic component of mitochondrial outer membrane"
"286","GO:0005641",0.0789233281663812,5.23900035198874,0.479323189595303,2,8,"nuclear envelope lumen"
"287","GO:0005677",0.0789233281663812,5.23900035198874,0.479323189595303,2,8,"chromatin silencing complex"
"288","GO:0031371",0.0789233281663812,5.23900035198874,0.479323189595303,2,8,"ubiquitin conjugating enzyme complex"
"289","GO:0045254",0.0789233281663812,5.23900035198874,0.479323189595303,2,8,"pyruvate dehydrogenase complex"
"290","GO:0071141",0.0789233281663812,5.23900035198874,0.479323189595303,2,8,"SMAD protein complex"
"291","GO:0071203",0.0789233281663812,5.23900035198874,0.479323189595303,2,8,"WASH complex"
"292","GO:1990023",0.0789233281663812,5.23900035198874,0.479323189595303,2,8,"mitotic spindle midzone"
"293","GO:0031594",0.082980010179718,2.09897490279251,3.05568533367006,6,51,"neuromuscular junction"
"294","GO:0072686",0.082980010179718,2.09897490279251,3.05568533367006,6,51,"mitotic spindle"
"295","GO:0030140",0.0835898433476094,2.62186948853616,1.67763116358356,4,28,"trans-Golgi network transport vesicle"
"296","GO:0030176",0.0836568081536807,1.66727488928981,6.89027085043248,11,115,"integral component of endoplasmic reticulum membrane"
"297","GO:0045335",0.0841336648096101,1.85309745577296,4.55357030115538,8,76,"phagocytic vesicle"
"298","GO:0031984",0.088464788646185,1.40117270417928,16.1771576488415,22,270,"organelle subcompartment"
"299","GO:0032153",0.0893056608181338,2.05320669463783,3.11560073236947,6,52,"cell division site"
"300","GO:0032155",0.0893056608181338,2.05320669463783,3.11560073236947,6,52,"cell division site part"
"301","GO:0005839",0.0893892418004492,3.14482029598309,1.07847717658943,3,18,"proteasome core complex"
"302","GO:0035327",0.0893892418004492,3.14482029598309,1.07847717658943,3,18,"transcriptionally active chromatin"
"303","GO:0098791",0.0894845553663502,1.4112023110785,15.3383420670497,21,256,"Golgi subcompartment"
"304","GO:0005871",0.0958862082655828,2.00938606980889,3.17551613106888,6,53,"kinesin complex"
"305","GO:0012506",0.0964138482864968,1.3042979684988,25.1644674537534,32,420,"vesicle membrane"
"306","GO:0005697",0.0975550190603691,4.49027002564489,0.539238588294716,2,9,"telomerase holoenzyme complex"
"307","GO:0005847",0.0975550190603691,4.49027002564489,0.539238588294716,2,9,"mRNA cleavage and polyadenylation specificity factor complex"
"308","GO:0008091",0.0975550190603691,4.49027002564489,0.539238588294716,2,9,"spectrin"
"309","GO:0030061",0.0975550190603691,4.49027002564489,0.539238588294716,2,9,"mitochondrial crista"
"310","GO:0031616",0.0975550190603691,4.49027002564489,0.539238588294716,2,9,"spindle pole centrosome"
"311","GO:0035859",0.0975550190603691,4.49027002564489,0.539238588294716,2,9,"Seh1-associated complex"
"312","GO:0031461",0.100517103966528,1.60508963120903,7.12993244523013,11,119,"cullin-RING ubiquitin ligase complex"
"313","GO:0000159",0.101629568159233,2.94807082452431,1.13839257528884,3,19,"protein phosphatase type 2A complex"
"314","GO:1902555",0.101629568159233,2.94807082452431,1.13839257528884,3,19,"endoribonuclease complex"
"315","GO:0001772",0.102030981317152,2.41986161986162,1.79746196098239,4,30,"immunological synapse"
"316","GO:0005778",0.102718182912701,1.96739130434783,3.23543152976829,6,54,"peroxisomal membrane"
"317","GO:0031903",0.102718182912701,1.96739130434783,3.23543152976829,6,54,"microbody membrane"
"318","GO:0032432",0.102718182912701,1.96739130434783,3.23543152976829,6,54,"actin filament bundle"
"319","GO:0031227",0.105024795772465,1.59025645038243,7.18984784392954,11,120,"intrinsic component of endoplasmic reticulum membrane"
"320","GO:0030529",0.113696656266807,1.22602175315354,38.3458551676242,46,640,"ribonucleoprotein complex"
"321","GO:0000172",0.116244498752087,15.7056962025316,0.119830797398826,1,2,"ribonuclease MRP complex"
"322","GO:0000229",0.116244498752087,15.7056962025316,0.119830797398826,1,2,"cytoplasmic chromosome"
"323","GO:0000799",0.116244498752087,15.7056962025316,0.119830797398826,1,2,"nuclear condensin complex"
"324","GO:0000806",0.116244498752087,15.7056962025316,0.119830797398826,1,2,"Y chromosome"
"325","GO:0005584",0.116244498752087,15.7056962025316,0.119830797398826,1,2,"collagen type I trimer"
"326","GO:0005673",0.116244498752087,15.7056962025316,0.119830797398826,1,2,"transcription factor TFIIE complex"
"327","GO:0005943",0.116244498752087,15.7056962025316,0.119830797398826,1,2,"phosphatidylinositol 3-kinase complex, class IA"
"328","GO:0005945",0.116244498752087,15.7056962025316,0.119830797398826,1,2,"6-phosphofructokinase complex"
"329","GO:0008537",0.116244498752087,15.7056962025316,0.119830797398826,1,2,"proteasome activator complex"
"330","GO:0009330",0.116244498752087,15.7056962025316,0.119830797398826,1,2,"DNA topoisomerase complex (ATP-hydrolyzing)"
"331","GO:0009368",0.116244498752087,15.7056962025316,0.119830797398826,1,2,"endopeptidase Clp complex"
"332","GO:0031251",0.116244498752087,15.7056962025316,0.119830797398826,1,2,"PAN complex"
"333","GO:0031379",0.116244498752087,15.7056962025316,0.119830797398826,1,2,"RNA-directed RNA polymerase complex"
"334","GO:0031436",0.116244498752087,15.7056962025316,0.119830797398826,1,2,"BRCA1-BARD1 complex"
"335","GO:0031523",0.116244498752087,15.7056962025316,0.119830797398826,1,2,"Myb complex"
"336","GO:0032301",0.116244498752087,15.7056962025316,0.119830797398826,1,2,"MutSalpha complex"
"337","GO:0032311",0.116244498752087,15.7056962025316,0.119830797398826,1,2,"angiogenin-PRI complex"
"338","GO:0033065",0.116244498752087,15.7056962025316,0.119830797398826,1,2,"Rad51C-XRCC3 complex"
"339","GO:0034515",0.116244498752087,15.7056962025316,0.119830797398826,1,2,"proteasome storage granule"
"340","GO:0034684",0.116244498752087,15.7056962025316,0.119830797398826,1,2,"integrin alphav-beta5 complex"
"341","GO:0035692",0.116244498752087,15.7056962025316,0.119830797398826,1,2,"macrophage migration inhibitory factor receptor complex"
"342","GO:0045025",0.116244498752087,15.7056962025316,0.119830797398826,1,2,"mitochondrial degradosome"
"343","GO:0048269",0.116244498752087,15.7056962025316,0.119830797398826,1,2,"methionine adenosyltransferase complex"
"344","GO:0048476",0.116244498752087,15.7056962025316,0.119830797398826,1,2,"Holliday junction resolvase complex"
"345","GO:0070033",0.116244498752087,15.7056962025316,0.119830797398826,1,2,"synaptobrevin 2-SNAP-25-syntaxin-1a-complexin II complex"
"346","GO:0071144",0.116244498752087,15.7056962025316,0.119830797398826,1,2,"SMAD2-SMAD3 protein complex"
"347","GO:0097487",0.116244498752087,15.7056962025316,0.119830797398826,1,2,"multivesicular body, internal vesicle"
"348","GO:0098559",0.116244498752087,15.7056962025316,0.119830797398826,1,2,"cytoplasmic side of early endosome membrane"
"349","GO:1902937",0.116244498752087,15.7056962025316,0.119830797398826,1,2,"inward rectifier potassium channel complex"
"350","GO:1990037",0.116244498752087,15.7056962025316,0.119830797398826,1,2,"Lewy body core"
"351","GO:1990589",0.116244498752087,15.7056962025316,0.119830797398826,1,2,"ATF4-CREB1 transcription factor complex"
"352","GO:1990590",0.116244498752087,15.7056962025316,0.119830797398826,1,2,"ATF1-ATF4 transcription factor complex"
"353","GO:0005913",0.117119520379475,1.88844114528102,3.35526232716712,6,56,"cell-cell adherens junction"
"354","GO:0000800",0.117261739687162,3.92872228088701,0.599153986994128,2,10,"lateral element"
"355","GO:0005652",0.117261739687162,3.92872228088701,0.599153986994128,2,10,"nuclear lamina"
"356","GO:0005744",0.117261739687162,3.92872228088701,0.599153986994128,2,10,"mitochondrial inner membrane presequence translocase complex"
"357","GO:0031080",0.117261739687162,3.92872228088701,0.599153986994128,2,10,"nuclear pore outer ring"
"358","GO:0031512",0.117261739687162,3.92872228088701,0.599153986994128,2,10,"motile primary cilium"
"359","GO:0035097",0.118173107454472,1.77720704061366,4.13416251025949,7,69,"histone methyltransferase complex"
"360","GO:0031902",0.120951983620809,1.62909024211299,5.75187827514363,9,96,"late endosome membrane"
"361","GO:0043292",0.123747520283509,1.39633628397711,12.5223183281773,17,209,"contractile fiber"
"362","GO:0005769",0.126197046680848,1.34154247521988,16.0573268514426,21,268,"early endosome"
"363","GO:0005680",0.127928683319424,2.62015503875969,1.25822337268767,3,21,"anaphase-promoting complex"
"364","GO:0005719",0.127928683319424,2.62015503875969,1.25822337268767,3,21,"nuclear euchromatin"
"365","GO:0031430",0.127928683319424,2.62015503875969,1.25822337268767,3,21,"M band"
"366","GO:0031941",0.127928683319424,2.62015503875969,1.25822337268767,3,21,"filamentous actin"
"367","GO:0035770",0.129357199591181,1.48871839259153,8.32824041921839,12,139,"ribonucleoprotein granule"
"368","GO:0044440",0.131890440975711,1.27225241545894,23.3070900940716,29,389,"endosomal part"
"369","GO:0005758",0.131907825538843,1.72143710191083,4.25399330765831,7,71,"mitochondrial intermembrane space"
"370","GO:0005782",0.13280872263062,2.1690932311622,1.97720815708062,4,33,"peroxisomal matrix"
"371","GO:0031907",0.13280872263062,2.1690932311622,1.97720815708062,4,33,"microbody lumen"
"372","GO:0030016",0.137628708886284,1.38586386817898,11.8632489424837,16,198,"myofibril"
"373","GO:0008278",0.137848104823439,3.4919629238531,0.659069385693541,2,11,"cohesin complex"
"374","GO:0008385",0.137848104823439,3.4919629238531,0.659069385693541,2,11,"IkappaB kinase complex"
"375","GO:0030130",0.137848104823439,3.4919629238531,0.659069385693541,2,11,"clathrin coat of trans-Golgi network vesicle"
"376","GO:0031588",0.137848104823439,3.4919629238531,0.659069385693541,2,11,"AMP-activated protein kinase complex"
"377","GO:0031597",0.137848104823439,3.4919629238531,0.659069385693541,2,11,"cytosolic proteasome complex"
"378","GO:0042995",0.138202167157255,1.1264349575341,101.436769998106,112,1693,"cell projection"
"379","GO:0009986",0.139783987738882,1.19594151729924,40.922217311699,48,683,"cell surface"
"380","GO:0005811",0.140487036669805,1.78118809900158,3.53500852326536,6,59,"lipid particle"
"381","GO:0030125",0.141891708355811,2.48208523422722,1.31813877138708,3,22,"clathrin vesicle coat"
"382","GO:0031304",0.141891708355811,2.48208523422722,1.31813877138708,3,22,"intrinsic component of mitochondrial inner membrane"
"383","GO:0031305",0.141891708355811,2.48208523422722,1.31813877138708,3,22,"integral component of mitochondrial inner membrane"
"384","GO:0015030",0.148674944219704,1.87247780468119,2.8160237388724,5,47,"Cajal body"
"385","GO:0016328",0.148674944219704,1.87247780468119,2.8160237388724,5,47,"lateral plasma membrane"
"386","GO:0005788",0.153219544391447,1.37424680045814,11.2041795567902,15,187,"endoplasmic reticulum lumen"
"387","GO:0005798",0.153911070328571,1.64402509744272,4.43373950375655,7,74,"Golgi-associated vesicle"
"388","GO:0043198",0.155182343373272,2.02887864823349,2.09703895447945,4,35,"dendritic shaft"
"389","GO:0097525",0.158339766575905,1.82880863224281,2.87593913757182,5,48,"spliceosomal snRNP complex"
"390","GO:0042588",0.159138240630379,3.14255543822598,0.718984784392954,2,12,"zymogen granule"
"391","GO:0042613",0.159138240630379,3.14255543822598,0.718984784392954,2,12,"MHC class II protein complex"
"392","GO:0071564",0.159138240630379,3.14255543822598,0.718984784392954,2,12,"npBAF complex"
"393","GO:0030017",0.160690021186758,1.37847593582888,10.4252793736978,14,174,"sarcomere"
"394","GO:0098589",0.161558201506859,1.14404674454334,63.1508302291811,71,1054,"membrane region"
"395","GO:0044815",0.161600855372649,1.61973897839391,4.49365490245596,7,75,"DNA packaging complex"
"396","GO:0016020",0.165019467620971,1.06980299808446,471.953595555275,487,7877,"membrane"
"397","GO:0036464",0.167937152668179,1.43138205078504,7.90883262832249,11,132,"cytoplasmic ribonucleoprotein granule"
"398","GO:0031201",0.168252912788478,1.78712442218798,2.93585453627123,5,49,"SNARE complex"
"399","GO:0000235",0.169201748905795,7.85232067510549,0.179746196098239,1,3,"astral microtubule"
"400","GO:0001405",0.169201748905795,7.85232067510549,0.179746196098239,1,3,"presequence translocase-associated import motor"
"401","GO:0002193",0.169201748905795,7.85232067510549,0.179746196098239,1,3,"MAML1-RBP-Jkappa- ICN1 complex"
"402","GO:0005818",0.169201748905795,7.85232067510549,0.179746196098239,1,3,"aster"
"403","GO:0009279",0.169201748905795,7.85232067510549,0.179746196098239,1,3,"cell outer membrane"
"404","GO:0010009",0.169201748905795,7.85232067510549,0.179746196098239,1,3,"cytoplasmic side of endosome membrane"
"405","GO:0016222",0.169201748905795,7.85232067510549,0.179746196098239,1,3,"procollagen-proline 4-dioxygenase complex"
"406","GO:0016533",0.169201748905795,7.85232067510549,0.179746196098239,1,3,"cyclin-dependent protein kinase 5 holoenzyme complex"
"407","GO:0019815",0.169201748905795,7.85232067510549,0.179746196098239,1,3,"B cell receptor complex"
"408","GO:0030313",0.169201748905795,7.85232067510549,0.179746196098239,1,3,"cell envelope"
"409","GO:0030479",0.169201748905795,7.85232067510549,0.179746196098239,1,3,"actin cortical patch"
"410","GO:0031261",0.169201748905795,7.85232067510549,0.179746196098239,1,3,"DNA replication preinitiation complex"
"411","GO:0032449",0.169201748905795,7.85232067510549,0.179746196098239,1,3,"CBM complex"
"412","GO:0032937",0.169201748905795,7.85232067510549,0.179746196098239,1,3,"SREBP-SCAP-Insig complex"
"413","GO:0034666",0.169201748905795,7.85232067510549,0.179746196098239,1,3,"integrin alpha2-beta1 complex"
"414","GO:0036488",0.169201748905795,7.85232067510549,0.179746196098239,1,3,"CHOP-C/EBP complex"
"415","GO:0042406",0.169201748905795,7.85232067510549,0.179746196098239,1,3,"extrinsic component of endoplasmic reticulum membrane"
"416","GO:0042585",0.169201748905795,7.85232067510549,0.179746196098239,1,3,"germinal vesicle"
"417","GO:0043159",0.169201748905795,7.85232067510549,0.179746196098239,1,3,"acrosomal matrix"
"418","GO:0043625",0.169201748905795,7.85232067510549,0.179746196098239,1,3,"delta DNA polymerase complex"
"419","GO:0044299",0.169201748905795,7.85232067510549,0.179746196098239,1,3,"C-fiber"
"420","GO:0044462",0.169201748905795,7.85232067510549,0.179746196098239,1,3,"external encapsulating structure part"
"421","GO:0061574",0.169201748905795,7.85232067510549,0.179746196098239,1,3,"ASAP complex"
"422","GO:0061645",0.169201748905795,7.85232067510549,0.179746196098239,1,3,"endocytic patch"
"423","GO:0070044",0.169201748905795,7.85232067510549,0.179746196098239,1,3,"synaptobrevin 2-SNAP-25-syntaxin-1a complex"
"424","GO:0070765",0.169201748905795,7.85232067510549,0.179746196098239,1,3,"gamma-secretase complex"
"425","GO:0070939",0.169201748905795,7.85232067510549,0.179746196098239,1,3,"Dsl1p complex"
"426","GO:0071001",0.169201748905795,7.85232067510549,0.179746196098239,1,3,"U4/U6 snRNP"
"427","GO:0072687",0.169201748905795,7.85232067510549,0.179746196098239,1,3,"meiotic spindle"
"428","GO:0097443",0.169201748905795,7.85232067510549,0.179746196098239,1,3,"sorting endosome"
"429","GO:0097450",0.169201748905795,7.85232067510549,0.179746196098239,1,3,"astrocyte end-foot"
"430","GO:1990423",0.169201748905795,7.85232067510549,0.179746196098239,1,3,"RZZ complex"
"431","GO:0031674",0.169639805174119,1.45761842779947,7.07001704653072,10,118,"I band"
"432","GO:0030018",0.1706989465374,1.49109742441209,6.23120146473894,9,104,"Z disc"
"433","GO:0043005",0.173780933743704,1.15083473032322,52.1263968684892,59,870,"neuron projection"
"434","GO:0044291",0.174669877584667,1.65574593961043,3.77467011806301,6,63,"cell-cell contact zone"
"435","GO:0030659",0.175955881679747,1.22344803534062,24.1459056758634,29,403,"cytoplasmic vesicle membrane"
"436","GO:0044449",0.177326670938372,1.33497259826516,11.5037565502873,15,192,"contractile fiber part"
"437","GO:0014704",0.178401892965695,1.74729284369115,2.99576993497064,5,50,"intercalated disc"
"438","GO:0005721",0.180974151930902,2.85667658634924,0.778900183092367,2,13,"pericentric heterochromatin"
"439","GO:0005736",0.180974151930902,2.85667658634924,0.778900183092367,2,13,"DNA-directed RNA polymerase I complex"
"440","GO:0012510",0.180974151930902,2.85667658634924,0.778900183092367,2,13,"trans-Golgi network transport vesicle membrane"
"441","GO:0031083",0.180974151930902,2.85667658634924,0.778900183092367,2,13,"BLOC-1 complex"
"442","GO:0034362",0.180974151930902,2.85667658634924,0.778900183092367,2,13,"low-density lipoprotein particle"
"443","GO:0042627",0.180974151930902,2.85667658634924,0.778900183092367,2,13,"chylomicron"
"444","GO:0098802",0.196248146500748,1.33778140885984,9.94595618410253,13,166,"plasma membrane receptor complex"
"445","GO:0044445",0.197296706526397,1.32006788561914,10.8446871645937,14,181,"cytosolic part"
"446","GO:0014069",0.202821636725365,1.31212121212121,10.9046025632931,14,182,"postsynaptic density"
"447","GO:0005779",0.203214214776463,2.61844420978529,0.83881558179178,2,14,"integral component of peroxisomal membrane"
"448","GO:0005849",0.203214214776463,2.61844420978529,0.83881558179178,2,14,"mRNA cleavage factor complex"
"449","GO:0031231",0.203214214776463,2.61844420978529,0.83881558179178,2,14,"intrinsic component of peroxisomal membrane"
"450","GO:0042575",0.203214214776463,2.61844420978529,0.83881558179178,2,14,"DNA polymerase complex"
"451","GO:0042581",0.203214214776463,2.61844420978529,0.83881558179178,2,14,"specific granule"
"452","GO:0071565",0.203214214776463,2.61844420978529,0.83881558179178,2,14,"nBAF complex"
"453","GO:0071682",0.203214214776463,2.61844420978529,0.83881558179178,2,14,"endocytic vesicle lumen"
"454","GO:0000152",0.203614134020655,1.79652305366591,2.3367005492771,4,39,"nuclear ubiquitin ligase complex"
"455","GO:0010008",0.209649923072579,1.20546810273405,21.9290359239851,26,366,"endosome membrane"
"456","GO:0097458",0.213935760282538,1.11170029102747,68.4233853147295,75,1142,"neuron part"
"457","GO:0031463",0.217914654940221,1.96432346723044,1.61771576488415,3,27,"Cul3-RING ubiquitin ligase complex"
"458","GO:0000214",0.21898878731754,5.2345288326301,0.239661594797651,1,4,"tRNA-intron endonuclease complex"
"459","GO:0005610",0.21898878731754,5.2345288326301,0.239661594797651,1,4,"laminin-5 complex"
"460","GO:0005658",0.21898878731754,5.2345288326301,0.239661594797651,1,4,"alpha DNA polymerase:primase complex"
"461","GO:0005749",0.21898878731754,5.2345288326301,0.239661594797651,1,4,"mitochondrial respiratory chain complex II, succinate dehydrogenase complex (ubiquinone)"
"462","GO:0005862",0.21898878731754,5.2345288326301,0.239661594797651,1,4,"muscle thin filament tropomyosin"
"463","GO:0014802",0.21898878731754,5.2345288326301,0.239661594797651,1,4,"terminal cisterna"
"464","GO:0016942",0.21898878731754,5.2345288326301,0.239661594797651,1,4,"insulin-like growth factor binding protein complex"
"465","GO:0017101",0.21898878731754,5.2345288326301,0.239661594797651,1,4,"aminoacyl-tRNA synthetase multienzyme complex"
"466","GO:0031074",0.21898878731754,5.2345288326301,0.239661594797651,1,4,"nucleocytoplasmic shuttling complex"
"467","GO:0032437",0.21898878731754,5.2345288326301,0.239661594797651,1,4,"cuticular plate"
"468","GO:0034363",0.21898878731754,5.2345288326301,0.239661594797651,1,4,"intermediate-density lipoprotein particle"
"469","GO:0034448",0.21898878731754,5.2345288326301,0.239661594797651,1,4,"EGO complex"
"470","GO:0034455",0.21898878731754,5.2345288326301,0.239661594797651,1,4,"t-UTP complex"
"471","GO:0036021",0.21898878731754,5.2345288326301,0.239661594797651,1,4,"endolysosome lumen"
"472","GO:0036449",0.21898878731754,5.2345288326301,0.239661594797651,1,4,"microtubule minus-end"
"473","GO:0036454",0.21898878731754,5.2345288326301,0.239661594797651,1,4,"growth factor complex"
"474","GO:0042567",0.21898878731754,5.2345288326301,0.239661594797651,1,4,"insulin-like growth factor ternary complex"
"475","GO:0043219",0.21898878731754,5.2345288326301,0.239661594797651,1,4,"lateral loop"
"476","GO:0044194",0.21898878731754,5.2345288326301,0.239661594797651,1,4,"cytolytic granule"
"477","GO:0045257",0.21898878731754,5.2345288326301,0.239661594797651,1,4,"succinate dehydrogenase complex (ubiquinone)"
"478","GO:0045273",0.21898878731754,5.2345288326301,0.239661594797651,1,4,"respiratory chain complex II"
"479","GO:0045281",0.21898878731754,5.2345288326301,0.239661594797651,1,4,"succinate dehydrogenase complex"
"480","GO:0045283",0.21898878731754,5.2345288326301,0.239661594797651,1,4,"fumarate reductase complex"
"481","GO:0070022",0.21898878731754,5.2345288326301,0.239661594797651,1,4,"transforming growth factor beta receptor homodimeric complex"
"482","GO:0070761",0.21898878731754,5.2345288326301,0.239661594797651,1,4,"pre-snoRNP complex"
"483","GO:0070876",0.21898878731754,5.2345288326301,0.239661594797651,1,4,"SOSS complex"
"484","GO:0097136",0.21898878731754,5.2345288326301,0.239661594797651,1,4,"Bcl-2 family protein complex"
"485","GO:0097361",0.21898878731754,5.2345288326301,0.239661594797651,1,4,"CIA complex"
"486","GO:1990131",0.21898878731754,5.2345288326301,0.239661594797651,1,4,"Gtr1-Gtr2 GTPase complex"
"487","GO:1990357",0.21898878731754,5.2345288326301,0.239661594797651,1,4,"terminal web"
"488","GO:0005881",0.221094373168599,1.60422431684538,3.23543152976829,5,54,"cytoplasmic microtubule"
"489","GO:0000177",0.225731785174945,2.41686296807733,0.898730980491193,2,15,"cytoplasmic exosome (RNase complex)"
"490","GO:0005665",0.225731785174945,2.41686296807733,0.898730980491193,2,15,"DNA-directed RNA polymerase II, core complex"
"491","GO:0008023",0.229312686917925,1.6991848991849,2.45653134667593,4,41,"transcription elongation factor complex"
"492","GO:0030532",0.232224059830543,1.57203389830508,3.29534692846771,5,55,"small nuclear ribonucleoprotein complex"
"493","GO:0031256",0.237626162744489,1.33318893160773,7.66917103352484,10,128,"leading edge membrane"
"494","GO:0030175",0.237718880678121,1.42955027986875,5.03289349075068,7,84,"filopodium"
"495","GO:0044452",0.243508818600256,1.54110584911931,3.35526232716712,5,56,"nucleolar part"
"496","GO:0005732",0.248413915493599,2.24407904661337,0.958646379190605,2,16,"small nucleolar ribonucleoprotein complex"
"497","GO:0042101",0.248413915493599,2.24407904661337,0.958646379190605,2,16,"T cell receptor complex"
"498","GO:0008305",0.250353917550801,1.81297771995446,1.73754656228297,3,29,"integrin complex"
"499","GO:0016235",0.250353917550801,1.81297771995446,1.73754656228297,3,29,"aggresome"
"500","GO:0098636",0.250353917550801,1.81297771995446,1.73754656228297,3,29,"protein complex involved in cell adhesion"
"501","GO:0030120",0.255757988814269,1.61183014516348,2.57636214407475,4,43,"vesicle coat"
"502","GO:0034708",0.256044748851555,1.39317100701443,5.1527242881495,7,86,"methyltransferase complex"
"503","GO:0042470",0.25849943423161,1.35266760367031,6.0514552686407,8,101,"melanosome"
"504","GO:0048770",0.25849943423161,1.35266760367031,6.0514552686407,8,101,"pigment granule"
"505","GO:0043202",0.261717418326142,1.42909476525595,4.31390870635772,6,72,"lysosomal lumen"
"506","GO:0000798",0.265795206063082,3.9256329113924,0.299576993497064,1,5,"nuclear cohesin complex"
"507","GO:0000805",0.265795206063082,3.9256329113924,0.299576993497064,1,5,"X chromosome"
"508","GO:0001674",0.265795206063082,3.9256329113924,0.299576993497064,1,5,"female germ cell nucleus"
"509","GO:0005827",0.265795206063082,3.9256329113924,0.299576993497064,1,5,"polar microtubule"
"510","GO:0008622",0.265795206063082,3.9256329113924,0.299576993497064,1,5,"epsilon DNA polymerase complex"
"511","GO:0019814",0.265795206063082,3.9256329113924,0.299576993497064,1,5,"immunoglobulin complex"
"512","GO:0031298",0.265795206063082,3.9256329113924,0.299576993497064,1,5,"replication fork protection complex"
"513","GO:0031465",0.265795206063082,3.9256329113924,0.299576993497064,1,5,"Cul4B-RING E3 ubiquitin ligase complex"
"514","GO:0031467",0.265795206063082,3.9256329113924,0.299576993497064,1,5,"Cul7-RING ubiquitin ligase complex"
"515","GO:0032009",0.265795206063082,3.9256329113924,0.299576993497064,1,5,"early phagosome"
"516","GO:0033063",0.265795206063082,3.9256329113924,0.299576993497064,1,5,"Rad51B-Rad51C-Rad51D-XRCC2 complex"
"517","GO:0033503",0.265795206063082,3.9256329113924,0.299576993497064,1,5,"HULC complex"
"518","GO:0034991",0.265795206063082,3.9256329113924,0.299576993497064,1,5,"nuclear meiotic cohesin complex"
"519","GO:0042105",0.265795206063082,3.9256329113924,0.299576993497064,1,5,"alpha-beta T cell receptor complex"
"520","GO:0042719",0.265795206063082,3.9256329113924,0.299576993497064,1,5,"mitochondrial intermembrane space protein transporter complex"
"521","GO:0045252",0.265795206063082,3.9256329113924,0.299576993497064,1,5,"oxoglutarate dehydrogenase complex"
"522","GO:0070695",0.265795206063082,3.9256329113924,0.299576993497064,1,5,"FHF complex"
"523","GO:0097413",0.265795206063082,3.9256329113924,0.299576993497064,1,5,"Lewy body"
"524","GO:0097422",0.265795206063082,3.9256329113924,0.299576993497064,1,5,"tubular endosome"
"525","GO:0097651",0.265795206063082,3.9256329113924,0.299576993497064,1,5,"phosphatidylinositol 3-kinase complex, class I"
"526","GO:1990726",0.265795206063082,3.9256329113924,0.299576993497064,1,5,"Lsm1-7-Pat1 complex"
"527","GO:0030864",0.266488016188523,1.48275103933483,3.47509312456594,5,58,"cortical actin cytoskeleton"
"528","GO:0005771",0.266834243798984,1.74571294338736,1.79746196098239,3,30,"multivesicular body"
"529","GO:0030684",0.269204966877385,1.57142857142857,2.63627754277416,4,44,"preribosome"
"530","GO:0031904",0.271160170649277,2.0943329813446,1.01856177789002,2,17,"endosome lumen"
"531","GO:0005775",0.272044734639616,1.40767002738165,4.37382410505714,6,73,"vacuolar lumen"
"532","GO:0030173",0.282772482788471,1.53299780616854,2.69619294147358,4,45,"integral component of Golgi membrane"
"533","GO:0005666",0.293881536755381,1.96330517423442,1.07847717658943,2,18,"DNA-directed RNA polymerase III complex"
"534","GO:0016581",0.293881536755381,1.96330517423442,1.07847717658943,2,18,"NuRD complex"
"535","GO:0031082",0.293881536755381,1.96330517423442,1.07847717658943,2,18,"BLOC complex"
"536","GO:0031527",0.293881536755381,1.96330517423442,1.07847717658943,2,18,"filopodium membrane"
"537","GO:0036452",0.293881536755381,1.96330517423442,1.07847717658943,2,18,"ESCRT complex"
"538","GO:0090545",0.293881536755381,1.96330517423442,1.07847717658943,2,18,"CHD-type complex"
"539","GO:0008287",0.296439339354508,1.49639707734946,2.75610834017299,4,46,"protein serine/threonine phosphatase complex"
"540","GO:1903293",0.296439339354508,1.49639707734946,2.75610834017299,4,46,"phosphatase complex"
"541","GO:0000795",0.300118929695236,1.62510024057739,1.91729275838121,3,32,"synaptonemal complex"
"542","GO:0005604",0.303463196039244,1.30980184005662,5.45230128164657,7,91,"basement membrane"
"543","GO:0032587",0.303565818918704,1.34706862596576,4.55357030115538,6,76,"ruffle membrane"
"544","GO:0030133",0.30671380971385,1.20958870371891,10.0657869815014,12,168,"transport vesicle"
"545","GO:0000220",0.309799270067511,3.14029535864979,0.359492392196477,1,6,"vacuolar proton-transporting V-type ATPase, V0 domain"
"546","GO:0000815",0.309799270067511,3.14029535864979,0.359492392196477,1,6,"ESCRT III complex"
"547","GO:0000931",0.309799270067511,3.14029535864979,0.359492392196477,1,6,"gamma-tubulin large complex"
"548","GO:0005587",0.309799270067511,3.14029535864979,0.359492392196477,1,6,"collagen type IV trimer"
"549","GO:0005742",0.309799270067511,3.14029535864979,0.359492392196477,1,6,"mitochondrial outer membrane translocase complex"
"550","GO:0005828",0.309799270067511,3.14029535864979,0.359492392196477,1,6,"kinetochore microtubule"
"551","GO:0008274",0.309799270067511,3.14029535864979,0.359492392196477,1,6,"gamma-tubulin ring complex"
"552","GO:0016012",0.309799270067511,3.14029535864979,0.359492392196477,1,6,"sarcoglycan complex"
"553","GO:0017059",0.309799270067511,3.14029535864979,0.359492392196477,1,6,"serine C-palmitoyltransferase complex"
"554","GO:0030870",0.309799270067511,3.14029535864979,0.359492392196477,1,6,"Mre11 complex"
"555","GO:0030896",0.309799270067511,3.14029535864979,0.359492392196477,1,6,"checkpoint clamp complex"
"556","GO:0031211",0.309799270067511,3.14029535864979,0.359492392196477,1,6,"endoplasmic reticulum palmitoyltransferase complex"
"557","GO:0033588",0.309799270067511,3.14029535864979,0.359492392196477,1,6,"Elongator holoenzyme complex"
"558","GO:0035749",0.309799270067511,3.14029535864979,0.359492392196477,1,6,"myelin sheath adaxonal region"
"559","GO:0042584",0.309799270067511,3.14029535864979,0.359492392196477,1,6,"chromaffin granule membrane"
"560","GO:0042788",0.309799270067511,3.14029535864979,0.359492392196477,1,6,"polysomal ribosome"
"561","GO:0070820",0.309799270067511,3.14029535864979,0.359492392196477,1,6,"tertiary granule"
"562","GO:0097197",0.309799270067511,3.14029535864979,0.359492392196477,1,6,"tetraspanin-enriched microdomain"
"563","GO:0034361",0.316499415413751,1.84769240325486,1.13839257528884,2,19,"very-low-density lipoprotein particle"
"564","GO:0034385",0.316499415413751,1.84769240325486,1.13839257528884,2,19,"triglyceride-rich lipoprotein particle"
"565","GO:0030424",0.323101961516435,1.123861003861,21.5695435317886,24,360,"axon"
"566","GO:0044420",0.325535435421069,1.23011100832562,7.42950943872719,9,124,"extracellular matrix component"
"567","GO:0044456",0.326494403539251,1.09895984111489,31.2159227223941,34,521,"synapse part"
"568","GO:0031672",0.333594424598989,1.52005046716225,2.03712355578004,3,34,"A band"
"569","GO:0002102",0.338944697322843,1.74492549571747,1.19830797398826,2,20,"podosome"
"570","GO:0030137",0.338944697322843,1.74492549571747,1.19830797398826,2,20,"COPI-coated vesicle"
"571","GO:0033177",0.338944697322843,1.74492549571747,1.19830797398826,2,20,"proton-transporting two-sector ATPase complex, proton-transporting domain"
"572","GO:1990752",0.338944697322843,1.74492549571747,1.19830797398826,2,20,"microtubule end"
"573","GO:0000407",0.3503205572139,1.47244978858351,2.09703895447945,3,35,"pre-autophagosomal structure"
"574","GO:0098798",0.351087454726808,1.19859358095925,7.60925563482543,9,127,"mitochondrial protein complex"
"575","GO:0000124",0.351168593171531,2.61673699015471,0.41940779089589,1,7,"SAGA complex"
"576","GO:0005579",0.351168593171531,2.61673699015471,0.41940779089589,1,7,"membrane attack complex"
"577","GO:0005952",0.351168593171531,2.61673699015471,0.41940779089589,1,7,"cAMP-dependent protein kinase complex"
"578","GO:0016281",0.351168593171531,2.61673699015471,0.41940779089589,1,7,"eukaryotic translation initiation factor 4F complex"
"579","GO:0030285",0.351168593171531,2.61673699015471,0.41940779089589,1,7,"integral component of synaptic vesicle membrane"
"580","GO:0030687",0.351168593171531,2.61673699015471,0.41940779089589,1,7,"preribosome, large subunit precursor"
"581","GO:0030688",0.351168593171531,2.61673699015471,0.41940779089589,1,7,"preribosome, small subunit precursor"
"582","GO:0032059",0.351168593171531,2.61673699015471,0.41940779089589,1,7,"bleb"
"583","GO:0032300",0.351168593171531,2.61673699015471,0.41940779089589,1,7,"mismatch repair complex"
"584","GO:0032585",0.351168593171531,2.61673699015471,0.41940779089589,1,7,"multivesicular body membrane"
"585","GO:0033061",0.351168593171531,2.61673699015471,0.41940779089589,1,7,"DNA recombinase mediator complex"
"586","GO:0034992",0.351168593171531,2.61673699015471,0.41940779089589,1,7,"microtubule organizing center attachment site"
"587","GO:0034993",0.351168593171531,2.61673699015471,0.41940779089589,1,7,"LINC complex"
"588","GO:0042583",0.351168593171531,2.61673699015471,0.41940779089589,1,7,"chromaffin granule"
"589","GO:0043203",0.351168593171531,2.61673699015471,0.41940779089589,1,7,"axon hillock"
"590","GO:0044327",0.351168593171531,2.61673699015471,0.41940779089589,1,7,"dendritic spine head"
"591","GO:0046581",0.351168593171531,2.61673699015471,0.41940779089589,1,7,"intercellular canaliculus"
"592","GO:0070531",0.351168593171531,2.61673699015471,0.41940779089589,1,7,"BRCA1-A complex"
"593","GO:0090543",0.351168593171531,2.61673699015471,0.41940779089589,1,7,"Flemming body"
"594","GO:0098642",0.351168593171531,2.61673699015471,0.41940779089589,1,7,"network-forming collagen trimer"
"595","GO:0098645",0.351168593171531,2.61673699015471,0.41940779089589,1,7,"collagen network"
"596","GO:0031228",0.35169567112394,1.36590752242926,2.99576993497064,4,50,"intrinsic component of Golgi membrane"
"597","GO:0042383",0.35665712248016,1.20869778468078,6.71052465433424,8,112,"sarcolemma"
"598","GO:0000178",0.361156909323203,1.65297615739454,1.25822337268767,2,21,"exosome (RNase complex)"
"599","GO:0005669",0.361156909323203,1.65297615739454,1.25822337268767,2,21,"transcription factor TFIID complex"
"600","GO:0016010",0.361156909323203,1.65297615739454,1.25822337268767,2,21,"dystrophin-associated glycoprotein complex"
"601","GO:0030904",0.361156909323203,1.65297615739454,1.25822337268767,2,21,"retromer complex"
"602","GO:0042611",0.361156909323203,1.65297615739454,1.25822337268767,2,21,"MHC protein complex"
"603","GO:0043034",0.361156909323203,1.65297615739454,1.25822337268767,2,21,"costamere"
"604","GO:0030670",0.365561359156039,1.33675560058539,3.05568533367006,4,51,"phagocytic vesicle membrane"
"605","GO:0033017",0.366998518956866,1.42773399961561,2.15695435317886,3,36,"sarcoplasmic reticulum membrane"
"606","GO:0030863",0.368184158386378,1.24021878662723,4.91306269335185,6,82,"cortical cytoskeleton"
"607","GO:0000123",0.379051369773582,1.22402941703048,4.97297809205127,6,83,"histone acetyltransferase complex"
"608","GO:0045202",0.388393840163055,1.05886193152637,38.9450091546183,41,650,"synapse"
"609","GO:0005886",0.389763849766072,1.02384042998535,253.861544289412,258,4237,"plasma membrane"
"610","GO:0000808",0.390060773886552,2.24276672694394,0.479323189595303,1,8,"origin recognition complex"
"611","GO:0002178",0.390060773886552,2.24276672694394,0.479323189595303,1,8,"palmitoyltransferase complex"
"612","GO:0005664",0.390060773886552,2.24276672694394,0.479323189595303,1,8,"nuclear origin of replication recognition complex"
"613","GO:0030312",0.390060773886552,2.24276672694394,0.479323189595303,1,8,"external encapsulating structure"
"614","GO:0031092",0.390060773886552,2.24276672694394,0.479323189595303,1,8,"platelet alpha granule membrane"
"615","GO:0032591",0.390060773886552,2.24276672694394,0.479323189595303,1,8,"dendritic spine membrane"
"616","GO:0033018",0.390060773886552,2.24276672694394,0.479323189595303,1,8,"sarcoplasmic reticulum lumen"
"617","GO:0036019",0.390060773886552,2.24276672694394,0.479323189595303,1,8,"endolysosome"
"618","GO:0036056",0.390060773886552,2.24276672694394,0.479323189595303,1,8,"filtration diaphragm"
"619","GO:0036057",0.390060773886552,2.24276672694394,0.479323189595303,1,8,"slit diaphragm"
"620","GO:0042589",0.390060773886552,2.24276672694394,0.479323189595303,1,8,"zymogen granule membrane"
"621","GO:0043190",0.390060773886552,2.24276672694394,0.479323189595303,1,8,"ATP-binding cassette (ABC) transporter complex"
"622","GO:0043256",0.390060773886552,2.24276672694394,0.479323189595303,1,8,"laminin complex"
"623","GO:0071439",0.390060773886552,2.24276672694394,0.479323189595303,1,8,"clathrin complex"
"624","GO:0097449",0.390060773886552,2.24276672694394,0.479323189595303,1,8,"astrocyte projection"
"625","GO:0098651",0.390060773886552,2.24276672694394,0.479323189595303,1,8,"basement membrane collagen trimer"
"626","GO:0098799",0.390060773886552,2.24276672694394,0.479323189595303,1,8,"outer mitochondrial membrane protein complex"
"627","GO:0000786",0.398147440233895,1.22699284957627,4.13416251025949,5,69,"nucleosome"
"628","GO:0016607",0.401425845649364,1.11555827802441,10.8446871645937,12,181,"nuclear speck"
"629","GO:0000788",0.404678764711528,1.49534872026952,1.3780541700865,2,23,"nuclear nucleosome"
"630","GO:0033176",0.404678764711528,1.49534872026952,1.3780541700865,2,23,"proton-transporting V-type ATPase complex"
"631","GO:0090568",0.404678764711528,1.49534872026952,1.3780541700865,2,23,"nuclear transcriptional repressor complex"
"632","GO:0071944",0.4140968780042,1.01886736376833,259.673337963255,263,4334,"cell periphery"
"633","GO:0044437",0.416093662364285,1.06612957689049,21.6893743291874,23,362,"vacuolar part"
"634","GO:0055038",0.416474196098494,1.3084918957012,2.3367005492771,3,39,"recycling endosome membrane"
"635","GO:0042734",0.420709385143922,1.23158003942318,3.29534692846771,4,55,"presynaptic membrane"
"636","GO:0000314",0.425903887516868,1.42728232696554,1.43796956878591,2,24,"organellar small ribosomal subunit"
"637","GO:0005763",0.425903887516868,1.42728232696554,1.43796956878591,2,24,"mitochondrial small ribosomal subunit"
"638","GO:0097546",0.425903887516868,1.42728232696554,1.43796956878591,2,24,"ciliary base"
"639","GO:0098533",0.425903887516868,1.42728232696554,1.43796956878591,2,24,"ATPase dependent transmembrane transport complex"
"640","GO:0098644",0.425903887516868,1.42728232696554,1.43796956878591,2,24,"complex of collagen trimers"
"641","GO:1904564",0.425903887516868,1.42728232696554,1.43796956878591,2,24,"Nbp35-Cfd1 ATPase complex"
"642","GO:0000812",0.426623993239825,1.96228902953587,0.539238588294716,1,9,"Swr1 complex"
"643","GO:0000813",0.426623993239825,1.96228902953587,0.539238588294716,1,9,"ESCRT I complex"
"644","GO:0031464",0.426623993239825,1.96228902953587,0.539238588294716,1,9,"Cul4A-RING E3 ubiquitin ligase complex"
"645","GO:0035253",0.426623993239825,1.96228902953587,0.539238588294716,1,9,"ciliary rootlet"
"646","GO:0045240",0.426623993239825,1.96228902953587,0.539238588294716,1,9,"dihydrolipoyl dehydrogenase complex"
"647","GO:0070938",0.426623993239825,1.96228902953587,0.539238588294716,1,9,"contractile ring"
"648","GO:0097225",0.426623993239825,1.96228902953587,0.539238588294716,1,9,"sperm midpiece"
"649","GO:0098554",0.426623993239825,1.96228902953587,0.539238588294716,1,9,"cytoplasmic side of endoplasmic reticulum membrane"
"650","GO:0044459",0.432720141160463,1.01957846733999,140.80118694362,143,2350,"plasma membrane part"
"651","GO:0015935",0.434340197954973,1.20781440781441,3.35526232716712,4,56,"small ribosomal subunit"
"652","GO:0008021",0.439675055281994,1.11175270141913,7.24976324262895,8,121,"synaptic vesicle"
"653","GO:0017053",0.446131413807857,1.15450523429711,4.37382410505714,5,73,"transcriptional repressor complex"
"654","GO:0070469",0.446131413807857,1.15450523429711,4.37382410505714,5,73,"respiratory chain"
"655","GO:0044665",0.446725625330102,1.36513475047059,1.49788496748532,2,25,"MLL1/2 complex"
"656","GO:0071339",0.446725625330102,1.36513475047059,1.49788496748532,2,25,"MLL1 complex"
"657","GO:0080008",0.446725625330102,1.36513475047059,1.49788496748532,2,25,"Cul4-RING E3 ubiquitin ligase complex"
"658","GO:0019005",0.448756644211451,1.23945699343496,2.45653134667593,3,41,"SCF ubiquitin ligase complex"
"659","GO:0030118",0.448756644211451,1.23945699343496,2.45653134667593,3,41,"clathrin coat"
"660","GO:0045171",0.448756644211451,1.23945699343496,2.45653134667593,3,41,"intercellular bridge"
"661","GO:0043025",0.450591854534289,1.04423448379127,23.0674284992739,24,385,"neuronal cell body"
"662","GO:0030666",0.454724100788937,1.08707037643208,8.32824041921839,9,139,"endocytic vesicle membrane"
"663","GO:0005814",0.454796804463849,1.12149674291774,5.39238588294716,6,90,"centriole"
"664","GO:0000153",0.460997576967898,1.74413970932958,0.599153986994128,1,10,"cytoplasmic ubiquitin ligase complex"
"665","GO:0008250",0.460997576967898,1.74413970932958,0.599153986994128,1,10,"oligosaccharyltransferase complex"
"666","GO:0033179",0.460997576967898,1.74413970932958,0.599153986994128,1,10,"proton-transporting V-type ATPase, V0 domain"
"667","GO:0042555",0.460997576967898,1.74413970932958,0.599153986994128,1,10,"MCM complex"
"668","GO:0045263",0.460997576967898,1.74413970932958,0.599153986994128,1,10,"proton-transporting ATP synthase complex, coupling factor F(o)"
"669","GO:0070382",0.460997576967898,1.74413970932958,0.599153986994128,1,10,"exocytic vesicle"
"670","GO:0097440",0.460997576967898,1.74413970932958,0.599153986994128,1,10,"apical dendrite"
"671","GO:0098794",0.469626143792249,1.03696324007807,20.311320159101,21,339,"postsynapse"
"672","GO:0098793",0.471886575144366,1.07045454545455,8.44807121661721,9,141,"presynapse"
"673","GO:0000118",0.474637558003012,1.14170274170274,3.53500852326536,4,59,"histone deacetylase complex"
"674","GO:0044450",0.476274719348955,1.07345340926637,7.48942483742661,8,125,"microtubule organizing center part"
"675","GO:0032281",0.487052216195011,1.25575501583949,1.61771576488415,2,27,"AMPA glutamate receptor complex"
"676","GO:0001669",0.493098147189948,1.09007179849341,4.61348569985479,5,77,"acrosomal vesicle"
"677","GO:0000164",0.493312524182344,1.56962025316456,0.659069385693541,1,11,"protein phosphatase type 1 complex"
"678","GO:0005890",0.493312524182344,1.56962025316456,0.659069385693541,1,11,"sodium:potassium-exchanging ATPase complex"
"679","GO:0005916",0.493312524182344,1.56962025316456,0.659069385693541,1,11,"fascia adherens"
"680","GO:0017146",0.493312524182344,1.56962025316456,0.659069385693541,1,11,"NMDA selective glutamate receptor complex"
"681","GO:0030122",0.493312524182344,1.56962025316456,0.659069385693541,1,11,"AP-2 adaptor complex"
"682","GO:0030128",0.493312524182344,1.56962025316456,0.659069385693541,1,11,"clathrin coat of endocytic vesicle"
"683","GO:0030877",0.493312524182344,1.56962025316456,0.659069385693541,1,11,"beta-catenin destruction complex"
"684","GO:0034663",0.493312524182344,1.56962025316456,0.659069385693541,1,11,"endoplasmic reticulum chaperone complex"
"685","GO:0044232",0.493312524182344,1.56962025316456,0.659069385693541,1,11,"organelle membrane contact site"
"686","GO:0045239",0.493312524182344,1.56962025316456,0.659069385693541,1,11,"tricarboxylic acid cycle enzyme complex"
"687","GO:0071437",0.493312524182344,1.56962025316456,0.659069385693541,1,11,"invadopodium"
"688","GO:0030660",0.495736588246952,1.14853297581602,2.63627754277416,3,44,"Golgi-associated vesicle membrane"
"689","GO:0030669",0.495736588246952,1.14853297581602,2.63627754277416,3,44,"clathrin-coated endocytic vesicle membrane"
"690","GO:0005903",0.497166113584644,1.07023040586137,5.63204747774481,6,94,"brush border"
"691","GO:0031248",0.497166113584644,1.07023040586137,5.63204747774481,6,94,"protein acetyltransferase complex"
"692","GO:1902493",0.497166113584644,1.07023040586137,5.63204747774481,6,94,"acetyltransferase complex"
"693","GO:0030117",0.504616248545615,1.0750667517994,4.6734010985542,5,78,"membrane coat"
"694","GO:0048475",0.504616248545615,1.0750667517994,4.6734010985542,5,78,"coated membrane"
"695","GO:1990391",0.506515184184525,1.20737551782958,1.67763116358356,2,28,"DNA repair complex"
"696","GO:0097223",0.510091751217437,1.04635527246992,6.71052465433424,7,112,"sperm part"
"697","GO:0016469",0.510948310065415,1.12111144669284,2.69619294147358,3,45,"proton-transporting two-sector ATPase complex"
"698","GO:0043195",0.51379778785914,1.0824302134647,3.7147547193636,4,62,"terminal bouton"
"699","GO:0005765",0.523263765879141,1.01026091112112,14.8590188774544,15,248,"lysosomal membrane"
"700","GO:0005639",0.52369200450525,1.42683160721135,0.718984784392954,1,12,"integral component of nuclear inner membrane"
"701","GO:0005845",0.52369200450525,1.42683160721135,0.718984784392954,1,12,"mRNA cap binding complex"
"702","GO:0016327",0.52369200450525,1.42683160721135,0.718984784392954,1,12,"apicolateral plasma membrane"
"703","GO:0030126",0.52369200450525,1.42683160721135,0.718984784392954,1,12,"COPI vesicle coat"
"704","GO:0031229",0.52369200450525,1.42683160721135,0.718984784392954,1,12,"intrinsic component of nuclear inner membrane"
"705","GO:0034518",0.52369200450525,1.42683160721135,0.718984784392954,1,12,"RNA cap binding complex"
"706","GO:0042405",0.52369200450525,1.42683160721135,0.718984784392954,1,12,"nuclear inclusion body"
"707","GO:0044297",0.534700165469008,0.997348393539722,26.0631984342446,26,435,"cell body"
"708","GO:0030658",0.538516269237577,1.03242082961641,4.85314729465244,5,81,"transport vesicle membrane"
"709","GO:0032040",0.543965510611565,1.1209835570976,1.79746196098239,2,30,"small-subunit processome"
"710","GO:0000109",0.552251825553112,1.30784106891702,0.778900183092367,1,13,"nucleotide-excision repair complex"
"711","GO:0005766",0.552251825553112,1.30784106891702,0.778900183092367,1,13,"primary lysosome"
"712","GO:0016580",0.552251825553112,1.30784106891702,0.778900183092367,1,13,"Sin3 complex"
"713","GO:0030897",0.552251825553112,1.30784106891702,0.778900183092367,1,13,"HOPS complex"
"714","GO:0031235",0.552251825553112,1.30784106891702,0.778900183092367,1,13,"intrinsic component of the cytoplasmic side of the plasma membrane"
"715","GO:0032039",0.552251825553112,1.30784106891702,0.778900183092367,1,13,"integrator complex"
"716","GO:0032433",0.552251825553112,1.30784106891702,0.778900183092367,1,13,"filopodium tip"
"717","GO:0036038",0.552251825553112,1.30784106891702,0.778900183092367,1,13,"TCTN-B9D complex"
"718","GO:0042582",0.552251825553112,1.30784106891702,0.778900183092367,1,13,"azurophil granule"
"719","GO:0044453",0.552251825553112,1.30784106891702,0.778900183092367,1,13,"nuclear membrane part"
"720","GO:0097386",0.552251825553112,1.30784106891702,0.778900183092367,1,13,"glial cell projection"
"721","GO:0030425",0.553034863953814,0.988057033411364,24.2657364732622,24,405,"dendrite"
"722","GO:0044448",0.556994499778805,0.998455896545068,7.0101016478313,7,117,"cell cortex part"
"723","GO:0036477",0.558720085471516,0.985380025063937,35.4699160300524,35,592,"somatodendritic compartment"
"724","GO:0005637",0.56923248659802,1.02334773416674,2.93585453627123,3,49,"nuclear inner membrane"
"725","GO:0045178",0.56923248659802,1.02334773416674,2.93585453627123,3,49,"basal part of cell"
"726","GO:0055037",0.575194296777483,0.980493630573248,7.12993244523013,7,119,"recycling endosome"
"727","GO:0005746",0.575847150199498,0.996187116822037,4.01433171286066,4,67,"mitochondrial respiratory chain"
"728","GO:0005583",0.579100872535932,1.20715676728335,0.83881558179178,1,14,"fibrillar collagen trimer"
"729","GO:0010369",0.579100872535932,1.20715676728335,0.83881558179178,1,14,"chromocenter"
"730","GO:0016282",0.579100872535932,1.20715676728335,0.83881558179178,1,14,"eukaryotic 43S preinitiation complex"
"731","GO:0016471",0.579100872535932,1.20715676728335,0.83881558179178,1,14,"vacuolar proton-transporting V-type ATPase complex"
"732","GO:0043205",0.579100872535932,1.20715676728335,0.83881558179178,1,14,"fibril"
"733","GO:0098643",0.579100872535932,1.20715676728335,0.83881558179178,1,14,"banded collagen fibril"
"734","GO:0000315",0.579387403092318,1.04611052446322,1.91729275838121,2,32,"organellar large ribosomal subunit"
"735","GO:0005762",0.579387403092318,1.04611052446322,1.91729275838121,2,32,"mitochondrial large ribosomal subunit"
"736","GO:0022627",0.579387403092318,1.04611052446322,1.91729275838121,2,32,"cytosolic small ribosomal subunit"
"737","GO:0008328",0.583117815245302,1.00150690477261,2.99576993497064,3,50,"ionotropic glutamate receptor complex"
"738","GO:0005774",0.596233319415396,0.9622604236067,17.6151272176274,17,294,"vacuolar membrane"
"739","GO:0005790",0.596325303265907,1.01229689682188,1.97720815708062,2,33,"smooth endoplasmic reticulum"
"740","GO:0008180",0.596325303265907,1.01229689682188,1.97720815708062,2,33,"COP9 signalosome"
"741","GO:0034358",0.596325303265907,1.01229689682188,1.97720815708062,2,33,"plasma lipoprotein particle"
"742","GO:1990777",0.596325303265907,1.01229689682188,1.97720815708062,2,33,"lipoprotein particle"
"743","GO:0043197",0.59719934776201,0.960373969312009,6.23120146473894,6,104,"dendritic spine"
"744","GO:0030136",0.598104555419491,0.957824630286118,8.32824041921839,8,139,"clathrin-coated vesicle"
"745","GO:0000313",0.599373837082714,0.965404965404965,4.13416251025949,4,69,"organellar ribosome"
"746","GO:0005761",0.599373837082714,0.965404965404965,4.13416251025949,4,69,"mitochondrial ribosome"
"747","GO:0000176",0.604341521633145,1.12085593731163,0.898730980491193,1,15,"nuclear exosome (RNase complex)"
"748","GO:0005682",0.604341521633145,1.12085593731163,0.898730980491193,1,15,"U5 snRNP"
"749","GO:0030014",0.604341521633145,1.12085593731163,0.898730980491193,1,15,"CCR4-NOT complex"
"750","GO:0030663",0.604341521633145,1.12085593731163,0.898730980491193,1,15,"COPI-coated vesicle membrane"
"751","GO:0031011",0.604341521633145,1.12085593731163,0.898730980491193,1,15,"Ino80 complex"
"752","GO:0033202",0.604341521633145,1.12085593731163,0.898730980491193,1,15,"DNA helicase complex"
"753","GO:0033268",0.604341521633145,1.12085593731163,0.898730980491193,1,15,"node of Ranvier"
"754","GO:0070822",0.604341521633145,1.12085593731163,0.898730980491193,1,15,"Sin3-type complex"
"755","GO:0070993",0.604341521633145,1.12085593731163,0.898730980491193,1,15,"translation preinitiation complex"
"756","GO:0097228",0.604341521633145,1.12085593731163,0.898730980491193,1,15,"sperm principal piece"
"757","GO:0098827",0.604341521633145,1.12085593731163,0.898730980491193,1,15,"endoplasmic reticulum subcompartment"
"758","GO:0043679",0.615903675496155,0.941039236479321,6.35103226213776,6,106,"axon terminus"
"759","GO:0044309",0.615903675496155,0.941039236479321,6.35103226213776,6,106,"neuron spine"
"760","GO:0001750",0.622098834200874,0.936460554371002,4.25399330765831,4,71,"photoreceptor outer segment"
"761","GO:0045334",0.623026708490633,0.94122621564482,3.17551613106888,3,53,"clathrin-coated endocytic vesicle"
"762","GO:1990204",0.623112694229323,0.933590597255851,5.33247048424774,5,89,"oxidoreductase complex"
"763","GO:0000242",0.628070028709115,1.04606188466948,0.958646379190605,1,16,"pericentriolar material"
"764","GO:0000930",0.628070028709115,1.04606188466948,0.958646379190605,1,16,"gamma-tubulin complex"
"765","GO:0035371",0.628070028709115,1.04606188466948,0.958646379190605,1,16,"microtubule plus-end"
"766","GO:0044295",0.628070028709115,1.04606188466948,0.958646379190605,1,16,"axonal growth cone"
"767","GO:0090533",0.628070028709115,1.04606188466948,0.958646379190605,1,16,"cation-transporting ATPase complex"
"768","GO:0032994",0.628650554453419,0.950817573837637,2.09703895447945,2,35,"protein-lipid complex"
"769","GO:0030672",0.63573408184392,0.922708618331053,3.23543152976829,3,54,"synaptic vesicle membrane"
"770","GO:0030135",0.639095119301544,0.927069720521815,11.8033335437843,11,197,"coated vesicle"
"771","GO:0030667",0.643992985668271,0.909194080208573,4.37382410505714,4,73,"secretory granule membrane"
"772","GO:0001917",0.644041850659098,0.922790235418349,2.15695435317886,2,36,"photoreceptor inner segment"
"773","GO:0000145",0.650376894837855,0.980617088607595,1.01856177789002,1,17,"exocyst"
"774","GO:0001891",0.650376894837855,0.980617088607595,1.01856177789002,1,17,"phagocytic cup"
"775","GO:0031258",0.650376894837855,0.980617088607595,1.01856177789002,1,17,"lamellipodium membrane"
"776","GO:0030665",0.654621667122189,0.896145124716553,4.43373950375655,4,74,"clathrin-coated vesicle membrane"
"777","GO:0005844",0.658924217427681,0.896364459194449,2.21686975187828,2,37,"polysome"
"778","GO:0044463",0.660587807074749,0.947629446504601,51.4074120840962,49,858,"cell projection part"
"779","GO:0005686",0.671347210019176,0.922871680317697,1.07847717658943,1,18,"U2 snRNP"
"780","GO:0031012",0.675048440321096,0.921124436829748,23.7264978849675,22,396,"extracellular matrix"
"781","GO:0005859",0.691060976386145,0.871542428504454,1.13839257528884,1,19,"muscle myosin complex"
"782","GO:0030867",0.691060976386145,0.871542428504454,1.13839257528884,1,19,"rough endoplasmic reticulum membrane"
"783","GO:0035267",0.691060976386145,0.871542428504454,1.13839257528884,1,19,"NuA4 histone acetyltransferase complex"
"784","GO:0043189",0.691060976386145,0.871542428504454,1.13839257528884,1,19,"H4/H2A histone acetyltransferase complex"
"785","GO:1902562",0.691060976386145,0.871542428504454,1.13839257528884,1,19,"H4 histone acetyltransferase complex"
"786","GO:0033267",0.696300421746112,0.875915157922558,10.1856177789002,9,170,"axon part"
"787","GO:0030315",0.700579987791185,0.82543211248819,2.39661594797651,2,40,"T-tubule"
"788","GO:0036126",0.700579987791185,0.82543211248819,2.39661594797651,2,40,"sperm flagellum"
"789","GO:0044306",0.701621814834288,0.854911790224622,6.95018624913189,6,116,"neuron projection terminus"
"790","GO:0034704",0.705612858013132,0.825247579837543,3.59492392196477,3,60,"calcium channel complex"
"791","GO:0044391",0.706105553465102,0.857003052016985,8.08857882442073,7,135,"ribosomal subunit"
"792","GO:0005865",0.709593412126318,0.825616255829447,1.19830797398826,1,20,"striated muscle thin filament"
"793","GO:0031528",0.709593412126318,0.825616255829447,1.19830797398826,1,20,"microvillus membrane"
"794","GO:0035145",0.709593412126318,0.825616255829447,1.19830797398826,1,20,"exon-exon junction complex"
"795","GO:0045259",0.709593412126318,0.825616255829447,1.19830797398826,1,20,"proton-transporting ATP synthase complex"
"796","GO:0060076",0.709593412126318,0.825616255829447,1.19830797398826,1,20,"excitatory synapse"
"797","GO:0005801",0.713494005410659,0.804213034413668,2.45653134667593,2,41,"cis-Golgi network"
"798","GO:0005840",0.726619184785403,0.855869224904997,11.5636719489867,10,193,"ribosome"
"799","GO:0032809",0.727015237266474,0.784282700421941,1.25822337268767,1,21,"neuronal cell body membrane"
"800","GO:0034364",0.727015237266474,0.784282700421941,1.25822337268767,1,21,"high-density lipoprotein particle"
"801","GO:0034451",0.727015237266474,0.784282700421941,1.25822337268767,1,21,"centriolar satellite"
"802","GO:0044298",0.727015237266474,0.784282700421941,1.25822337268767,1,21,"cell body membrane"
"803","GO:0043296",0.732046379999885,0.824691633644025,7.18984784392954,6,120,"apical junction complex"
"804","GO:0045177",0.736081368264571,0.877500828171898,20.311320159101,18,339,"apical part of cell"
"805","GO:0005681",0.737127532060857,0.835423308537017,9.46663299450723,8,158,"spliceosomal complex"
"806","GO:0030286",0.737920137664973,0.764880109202359,2.57636214407475,2,43,"dynein complex"
"807","GO:0005605",0.743392942402023,0.746885674100864,1.31813877138708,1,22,"basal lamina"
"808","GO:0030686",0.743392942402023,0.746885674100864,1.31813877138708,1,22,"90S preribosome"
"809","GO:0032590",0.743392942402023,0.746885674100864,1.31813877138708,1,22,"dendrite membrane"
"810","GO:0097346",0.743392942402023,0.746885674100864,1.31813877138708,1,22,"INO80-type complex"
"811","GO:0031253",0.749550765613197,0.855932486631016,16.1771576488415,14,270,"cell projection membrane"
"812","GO:0005923",0.754099664451634,0.791334959767163,6.23120146473894,5,104,"bicellular tight junction"
"813","GO:0005902",0.757226714196365,0.77387157880985,5.09280888945009,4,85,"microvillus"
"814","GO:0008076",0.757226714196365,0.77387157880985,5.09280888945009,4,85,"voltage-gated potassium channel complex"
"815","GO:0030057",0.758789041387955,0.71288837744534,1.3780541700865,1,23,"desmosome"
"816","GO:0036379",0.758789041387955,0.71288837744534,1.3780541700865,1,23,"myofilament"
"817","GO:0031526",0.760545914501067,0.729206060754893,2.69619294147358,2,45,"brush border membrane"
"818","GO:0070160",0.761474029193154,0.783368644067797,6.29111686343835,5,105,"occluding junction"
"819","GO:0031514",0.765263395354395,0.764382500967867,5.1527242881495,4,86,"motile cilium"
"820","GO:0034705",0.765263395354395,0.764382500967867,5.1527242881495,4,86,"potassium channel complex"
"821","GO:0031312",0.773262308947567,0.681847367455513,1.43796956878591,1,24,"extrinsic component of organelle membrane"
"822","GO:0035869",0.773262308947567,0.681847367455513,1.43796956878591,1,24,"ciliary transition zone"
"823","GO:0071556",0.773262308947567,0.681847367455513,1.43796956878591,1,24,"integral component of lumenal side of endoplasmic reticulum membrane"
"824","GO:0098553",0.773262308947567,0.681847367455513,1.43796956878591,1,24,"lumenal side of endoplasmic reticulum membrane"
"825","GO:0016323",0.776320508661589,0.81525115370962,12.1029105372814,10,202,"basolateral plasma membrane"
"826","GO:0030134",0.78145936087025,0.696703038836091,2.8160237388724,2,47,"ER to Golgi transport vesicle"
"827","GO:0016460",0.786868004098295,0.653393108298172,1.49788496748532,1,25,"myosin II complex"
"828","GO:0048786",0.786868004098295,0.653393108298172,1.49788496748532,1,25,"presynaptic active zone"
"829","GO:0098576",0.786868004098295,0.653393108298172,1.49788496748532,1,25,"lumenal side of membrane"
"830","GO:0000932",0.790493148587855,0.712281376129156,4.13416251025949,3,69,"cytoplasmic mRNA processing body"
"831","GO:0030131",0.799658080240367,0.627215189873418,1.55780036618473,1,26,"clathrin adaptor complex"
"832","GO:0005615",0.802037692473214,0.901531859092806,72.2579708314919,66,1206,"extracellular space"
"833","GO:0005684",0.811681382703649,0.603050957481337,1.61771576488415,1,27,"U2-type spliceosomal complex"
"834","GO:0005921",0.811681382703649,0.603050957481337,1.61771576488415,1,27,"gap junction"
"835","GO:0035861",0.811681382703649,0.603050957481337,1.61771576488415,1,27,"site of double-strand break"
"836","GO:0032580",0.813850575320053,0.681174740325398,4.31390870635772,3,72,"Golgi cisterna membrane"
"837","GO:0005868",0.833608610989104,0.559900542495479,1.73754656228297,1,29,"cytoplasmic dynein complex"
"838","GO:0032420",0.833608610989104,0.559900542495479,1.73754656228297,1,29,"stereocilium"
"839","GO:0070461",0.833608610989104,0.559900542495479,1.73754656228297,1,29,"SAGA-type complex"
"840","GO:0005793",0.834962855212054,0.652660324171952,4.49365490245596,3,75,"endoplasmic reticulum-Golgi intermediate compartment"
"841","GO:0045111",0.839106836534694,0.740544177477064,10.6050255697961,8,177,"intermediate filament cytoskeleton"
"842","GO:0030662",0.84261266927938,0.692637243137843,7.07001704653072,5,118,"coated vesicle membrane"
"843","GO:0005795",0.847786380474281,0.686515016354445,7.12993244523013,5,119,"Golgi stack"
"844","GO:0098800",0.851685465856347,0.659203564466722,5.93162447124187,4,99,"inner mitochondrial membrane protein complex"
"845","GO:0043204",0.853979749884421,0.626427061310782,4.6734010985542,3,78,"perikaryon"
"846","GO:0031901",0.857051298221068,0.652292768959436,5.99153986994128,4,100,"early endosome membrane"
"847","GO:0015934",0.859879537274251,0.618142873038834,4.73331649725361,3,79,"large ribosomal subunit"
"848","GO:0034703",0.863687474585253,0.701848222548859,9.76620998800429,7,163,"cation channel complex"
"849","GO:0005929",0.867568716713978,0.797201422099169,25.8834522381463,21,432,"cilium"
"850","GO:0005796",0.871054508082609,0.602211741746626,4.85314729465244,3,81,"Golgi lumen"
"851","GO:0098590",0.875389344644125,0.845397268180069,52.3061430645874,45,873,"plasma membrane region"
"852","GO:0016324",0.876568180239346,0.740923222292996,15.8775806553444,12,265,"apical plasma membrane"
"853","GO:0022626",0.881434372993967,0.587077167019027,4.97297809205127,3,83,"cytosolic ribosome"
"854","GO:0098803",0.882051144771866,0.540072097003241,3.59492392196477,2,60,"respiratory chain complex"
"855","GO:0031513",0.884289081251303,0.641150319533204,7.60925563482543,5,127,"nonmotile primary cilium"
"856","GO:0033116",0.885237100059495,0.460908413998511,2.09703895447945,1,35,"endoplasmic reticulum-Golgi intermediate compartment membrane"
"857","GO:0030119",0.892128392899507,0.447709463532248,2.15695435317886,1,36,"AP-type membrane coat adaptor complex"
"858","GO:0032589",0.892128392899507,0.447709463532248,2.15695435317886,1,36,"neuron projection membrane"
"859","GO:0072372",0.895203399732972,0.67948066349397,11.5037565502873,8,192,"primary cilium"
"860","GO:0005930",0.895610793588901,0.565742886981329,5.1527242881495,3,86,"axoneme"
"861","GO:0097014",0.895610793588901,0.565742886981329,5.1527242881495,3,86,"ciliary cytoplasm"
"862","GO:1990351",0.89649074265632,0.735706440519275,18.6336889955174,14,311,"transporter complex"
"863","GO:0012507",0.898606286662613,0.435243788091889,2.21686975187828,1,37,"ER to Golgi transport vesicle membrane"
"864","GO:0009897",0.906098434595042,0.679139685476411,12.9417261190732,9,216,"external side of plasma membrane"
"865","GO:0016459",0.907762864301181,0.497041618477733,3.89450091546183,2,65,"myosin complex"
"866","GO:0031985",0.908245074400991,0.545897045085796,5.33247048424774,3,89,"Golgi cisterna"
"867","GO:0005747",0.910419492285712,0.412280701754386,2.3367005492771,1,39,"mitochondrial respiratory chain complex I"
"868","GO:0030964",0.910419492285712,0.412280701754386,2.3367005492771,1,39,"NADH dehydrogenase complex"
"869","GO:0032421",0.910419492285712,0.412280701754386,2.3367005492771,1,39,"stereocilium bundle"
"870","GO:0045271",0.910419492285712,0.412280701754386,2.3367005492771,1,39,"respiratory chain complex I"
"871","GO:0005578",0.911564401254244,0.726588372990012,20.1914893617021,15,337,"proteinaceous extracellular matrix"
"872","GO:0097060",0.920382332102002,0.672854467335023,14.4995264852579,10,242,"synaptic membrane"
"873","GO:0060170",0.924450468975199,0.467241406483948,4.13416251025949,2,69,"ciliary membrane"
"874","GO:0097542",0.925611794352593,0.382036636822064,2.51644674537534,1,42,"ciliary tip"
"875","GO:1902495",0.92628525236599,0.694349315068493,18.2741966033209,13,305,"transmembrane transporter complex"
"876","GO:0034702",0.937787951043235,0.659873708381171,16.2370730475409,11,271,"ion channel complex"
"877","GO:0022625",0.938229824793363,0.355916762562332,2.69619294147358,1,45,"cytosolic large ribosomal subunit"
"878","GO:0005887",0.940789132417518,0.83276851679726,87.8359744933392,75,1466,"integral component of plasma membrane"
"879","GO:0034707",0.94543009323865,0.340396257567419,2.8160237388724,1,47,"chloride channel complex"
"880","GO:0005581",0.95217040358149,0.411660090035014,4.6734010985542,2,78,"collagen trimer"
"881","GO:0032838",0.955018666071686,0.45976868548688,6.29111686343835,3,105,"cell projection cytoplasm"
"882","GO:0031226",0.963671666318568,0.811256934968275,91.0114906244081,76,1519,"intrinsic component of plasma membrane"
"883","GO:0044441",0.96443326574406,0.614137454050791,17.3754656228297,11,290,"ciliary part"
"884","GO:0044304",0.964640334988268,0.295298941167105,3.23543152976829,1,54,"main axon"
"885","GO:0036064",0.968399069560327,0.372253230753759,5.1527242881495,2,86,"ciliary basal body"
"886","GO:0045095",0.972407786955276,0.274502183729366,3.47509312456594,1,58,"keratin filament"
"887","GO:0005882",0.983241632211375,0.380730160367143,7.54934023612602,3,126,"intermediate filament"
"888","GO:0072562",0.98645867730615,0.312354804646251,6.11137066734011,2,102,"blood microparticle"
"889","GO:0045211",0.991912983406404,0.411986593130661,11.6235873476861,5,194,"postsynaptic membrane"
"890","GO:0071013",0.99450574577785,0.188183112195618,5.03289349075068,1,84,"catalytic step 2 spliceosome"
"891","GO:0044425",0.997065550798438,0.824129425787323,340.678957004861,302,5686,"membrane part"
"892","GO:0031225",0.997773551180333,0.234329223269367,8.08857882442073,2,135,"anchored component of membrane"
"893","GO:0016021",0.999999850221681,0.671566042118997,273.034471873224,206,4557,"integral component of membrane"
"894","GO:0031224",0.999999971113466,0.657280544269111,279.445419534062,208,4664,"intrinsic component of membrane"
